#{"t_start": 1709584918.2221575, "env_id": "CliffWalking-v0"}
r,l,t
-27245.0,2693,1.200808
-4995.0,540,1.503482
-1979.0,197,1.64535
-594.0,198,1.793035
-277.0,178,1.811798
-265.0,67,1.940346
-148.0,49,1.945971
-1102.0,112,1.957503
-122.0,23,1.960149
-244.0,46,2.092993
-293.0,95,2.103484
-309.0,111,2.114534
-203.0,104,2.263613
-246.0,48,2.269433
-569.0,74,2.276593
-122.0,23,2.278971
-673.0,79,2.422411
-558.0,63,2.430032
-157.0,58,2.437327
-28.0,28,2.440924
-157.0,58,2.447805
-140.0,41,2.58678
-25.0,25,2.589794
-38.0,38,2.594145
-142.0,43,2.599738
-44.0,44,2.604591
-37.0,37,2.60917
-226.0,28,2.61221
-169.0,70,2.756128
-23.0,23,2.759331
-126.0,27,2.762598
-152.0,53,2.769431
-72.0,72,2.778402
-58.0,58,2.924294
-21.0,21,2.927476
-17.0,17,2.92997
-25.0,25,2.933458
-25.0,25,2.937014
-132.0,33,2.94095
-132.0,33,2.94536
-25.0,25,2.948897
-21.0,21,2.951926
-15.0,15,2.954055
-120.0,21,3.105732
-349.0,52,3.113712
-20.0,20,3.116495
-21.0,21,3.119516
-121.0,22,3.122961
-15.0,15,3.12547
-123.0,24,3.129076
-17.0,17,3.131217
-25.0,25,3.135029
-21.0,21,3.137994
-19.0,19,3.140903
-21.0,21,3.28372
-21.0,21,3.286916
-21.0,21,3.290364
-25.0,25,3.293937
-125.0,26,3.297641
-25.0,25,3.301528
-34.0,34,3.306258
-125.0,26,3.309787
-119.0,20,3.312559
-17.0,17,3.315009
-32.0,32,3.319459
-234.0,36,3.466362
-120.0,21,3.469211
-227.0,29,3.473265
-21.0,21,3.476458
-130.0,31,3.481356
-226.0,28,3.485458
-18.0,18,3.489421
-127.0,28,3.493786
-223.0,25,3.497145
-127.0,28,3.643982
-335.0,38,3.649713
-15.0,15,3.652321
-19.0,19,3.654935
-230.0,32,3.660219
-13.0,13,3.662381
-13.0,13,3.664812
-231.0,33,3.670166
-134.0,35,3.675344
-15.0,15,3.67793
-14.0,14,3.680852
-133.0,34,3.827204
-15.0,15,3.830004
-127.0,28,3.833752
-19.0,19,3.836742
-19.0,19,3.839343
-459.0,63,3.849237
-19.0,19,3.852251
-15.0,15,3.854914
-23.0,23,3.858099
-19.0,19,3.86111
-17.0,17,3.863922
-318.0,21,4.00934
-16.0,16,4.012046
-15.0,15,4.014485
-13.0,13,4.016742
-239.0,41,4.023136
-348.0,51,4.03138
-122.0,23,4.034693
-13.0,13,4.036726
-15.0,15,4.039905
-16.0,16,4.042069
-13.0,13,4.044555
-13.0,13,4.046693
-17.0,17,4.192127
-13.0,13,4.194364
-13.0,13,4.196497
-15.0,15,4.199002
-122.0,23,4.202954
-129.0,30,4.20757
-15.0,15,4.210162
-15.0,15,4.213022
-13.0,13,4.215432
-17.0,17,4.218191
-13.0,13,4.220285
-120.0,21,4.223982
-14.0,14,4.227005
-13.0,13,4.229144
-120.0,21,4.232692
-13.0,13,4.235137
-19.0,19,4.382271
-17.0,17,4.38481
-15.0,15,4.387536
-15.0,15,4.389887
-325.0,28,4.394648
-15.0,15,4.39724
-117.0,18,4.399899
-13.0,13,4.40232
-14.0,14,4.404722
-225.0,27,4.408974
-13.0,13,4.411058
-125.0,26,4.415433
-119.0,20,4.418854
-13.0,13,4.421023
-13.0,13,4.562977
-17.0,17,4.5659
-13.0,13,4.568296
-13.0,13,4.57058
-16.0,16,4.573038
-13.0,13,4.575185
-120.0,21,4.579029
-13.0,13,4.581191
-120.0,21,4.584749
-15.0,15,4.587126
-115.0,16,4.590107
-15.0,15,4.592637
-15.0,15,4.595061
-13.0,13,4.597213
-13.0,13,4.599881
-13.0,13,4.601994
-13.0,13,4.604129
-13.0,13,4.74596
-14.0,14,4.748375
-116.0,17,4.751281
-15.0,15,4.753583
-13.0,13,4.755768
-13.0,13,4.758401
-13.0,13,4.760791
-13.0,13,4.763399
-13.0,13,4.765866
-13.0,13,4.768171
-13.0,13,4.770226
-15.0,15,4.772874
-119.0,20,4.775991
-13.0,13,4.778354
-13.0,13,4.781092
-14.0,14,4.783671
-13.0,13,4.785813
-13.0,13,4.788094
-15.0,15,4.933831
-13.0,13,4.936123
-14.0,14,4.938476
-13.0,13,4.940793
-14.0,14,4.942913
-126.0,27,4.947018
-13.0,13,4.949089
-13.0,13,4.951681
-13.0,13,4.953838
-124.0,25,4.957799
-13.0,13,4.960069
-13.0,13,4.962321
-13.0,13,4.964411
-13.0,13,4.966704
-13.0,13,4.968694
-116.0,17,4.97163
-13.0,13,4.973589
-13.0,13,4.975572
-13.0,13,5.129564
-13.0,13,5.132166
-13.0,13,5.134385
-13.0,13,5.136498
-13.0,13,5.1389
-15.0,15,5.141388
-13.0,13,5.143651
-13.0,13,5.146038
-13.0,13,5.148104
-13.0,13,5.150456
-13.0,13,5.15273
-13.0,13,5.154875
-119.0,20,5.158213
-13.0,13,5.160565
-13.0,13,5.162953
-15.0,15,5.165271
-13.0,13,5.16732
-13.0,13,5.169926
-13.0,13,5.313537
-13.0,13,5.315897
-15.0,15,5.31853
-113.0,14,5.32094
-116.0,17,5.323765
-13.0,13,5.325985
-13.0,13,5.328147
-13.0,13,5.33075
-13.0,13,5.333014
-13.0,13,5.335181
-116.0,17,5.338082
-13.0,13,5.340496
-13.0,13,5.342799
-13.0,13,5.345136
-15.0,15,5.347506
-115.0,16,5.350474
-13.0,13,5.352627
-13.0,13,5.355131
-13.0,13,5.357185
-13.0,13,5.500562
-13.0,13,5.503126
-13.0,13,5.505301
-15.0,15,5.507542
-17.0,17,5.5104
-120.0,21,5.513857
-13.0,13,5.51603
-15.0,15,5.518565
-13.0,13,5.520922
-15.0,15,5.523645
-13.0,13,5.525821
-13.0,13,5.527896
-13.0,13,5.530536
-15.0,15,5.532927
-13.0,13,5.535052
-13.0,13,5.537448
-113.0,14,5.539879
-13.0,13,5.541994
-13.0,13,5.689799
-250.0,151,5.715132
-18.0,18,5.718556
-196.0,97,5.876439
-13.0,13,5.878643
-13.0,13,5.880577
-13.0,13,5.882692
-13.0,13,5.884774
-119.0,20,5.887632
-13.0,13,5.889572
-13.0,13,5.891684
-13.0,13,5.893543
-15.0,15,5.895859
-15.0,15,5.897862
-13.0,13,5.900212
-13.0,13,5.902128
-13.0,13,5.904078
-13.0,13,5.906188
-13.0,13,5.908389
-17.0,17,5.910916
-13.0,13,5.912951
-15.0,15,6.054672
-13.0,13,6.056994
-13.0,13,6.05891
-13.0,13,6.060768
-13.0,13,6.062896
-13.0,13,6.065118
-15.0,15,6.06731
-121.0,22,6.070716
-14.0,14,6.072675
-13.0,13,6.074887
-16.0,16,6.077219
-122.0,23,6.08076
-13.0,13,6.083243
-13.0,13,6.085651
-13.0,13,6.08778
-13.0,13,6.091041
-13.0,13,6.094754
-123.0,24,6.240102
-13.0,13,6.242086
-15.0,15,6.244378
-15.0,15,6.246449
-13.0,13,6.248892
-13.0,13,6.250803
-15.0,15,6.253299
-13.0,13,6.25524
-13.0,13,6.25729
-13.0,13,6.259159
-15.0,15,6.261739
-13.0,13,6.263591
-15.0,15,6.266204
-13.0,13,6.267985
-13.0,13,6.27023
-13.0,13,6.272097
-13.0,13,6.274626
-13.0,13,6.276342
-13.0,13,6.413616
-14.0,14,6.41574
-13.0,13,6.417908
-13.0,13,6.420012
-13.0,13,6.421933
-13.0,13,6.423856
-14.0,14,6.426273
-113.0,14,6.428259
-17.0,17,6.43076
-15.0,15,6.432626
-15.0,15,6.435019
-17.0,17,6.437053
-113.0,14,6.439173
-13.0,13,6.440933
-13.0,13,6.442934
-13.0,13,6.44498
-13.0,13,6.446857
-15.0,15,6.448819
-13.0,13,6.451094
-13.0,13,6.587388
-13.0,13,6.589354
-13.0,13,6.591533
-13.0,13,6.593603
-13.0,13,6.595512
-13.0,13,6.597608
-13.0,13,6.599466
-13.0,13,6.6016
-13.0,13,6.603455
-13.0,13,6.605669
-13.0,13,6.607556
-15.0,15,6.610121
-116.0,17,6.612401
-15.0,15,6.614555
-13.0,13,6.616298
-13.0,13,6.618327
-13.0,13,6.620262
-13.0,13,6.622059
-124.0,25,6.766744
-13.0,13,6.769543
-15.0,15,6.771955
-15.0,15,6.77458
-13.0,13,6.776647
-13.0,13,6.778935
-13.0,13,6.78138
-13.0,13,6.783507
-117.0,18,6.786592
-13.0,13,6.789023
-13.0,13,6.791222
-13.0,13,6.793626
-15.0,15,6.796064
-13.0,13,6.79846
-15.0,15,6.801046
-14.0,14,6.803226
-13.0,13,6.805589
-120.0,21,6.809323
-15.0,15,6.946195
-13.0,13,6.948355
-14.0,14,6.950363
-13.0,13,6.95243
-13.0,13,6.954583
-14.0,14,6.956644
-15.0,15,6.958799
-124.0,25,6.962852
-120.0,21,6.96593
-13.0,13,6.96763
-122.0,23,6.970807
-13.0,13,6.972816
-13.0,13,6.974574
-13.0,13,6.976622
-13.0,13,6.978628
-13.0,13,6.980759
-13.0,13,6.982631
-13.0,13,7.127171
-13.0,13,7.129104
-13.0,13,7.131304
-13.0,13,7.133487
-13.0,13,7.135847
-13.0,13,7.138597
-17.0,17,7.141788
-13.0,13,7.143867
-15.0,15,7.146267
-13.0,13,7.148177
-13.0,13,7.150208
-13.0,13,7.152194
-13.0,13,7.154492
-13.0,13,7.156383
-13.0,13,7.158586
-13.0,13,7.160328
-13.0,13,7.162616
-13.0,13,7.164397
-13.0,13,7.166683
-13.0,13,7.303815
-13.0,13,7.306152
-13.0,13,7.308512
-13.0,13,7.310982
-13.0,13,7.313121
-13.0,13,7.315658
-222.0,24,7.319488
-13.0,13,7.322208
-13.0,13,7.324972
-13.0,13,7.327332
-13.0,13,7.329513
-13.0,13,7.331946
-13.0,13,7.334297
-13.0,13,7.336626
-13.0,13,7.338662
-15.0,15,7.341457
-13.0,13,7.343512
-13.0,13,7.345836
-13.0,13,7.348299
-13.0,13,7.487077
-13.0,13,7.489275
-13.0,13,7.491606
-13.0,13,7.493681
-13.0,13,7.496
-13.0,13,7.498343
-13.0,13,7.500713
-13.0,13,7.502853
-230.0,32,7.508242
-13.0,13,7.51081
-13.0,13,7.512925
-13.0,13,7.51496
-13.0,13,7.51759
-13.0,13,7.519749
-13.0,13,7.522289
-13.0,13,7.524356
-13.0,13,7.526861
-13.0,13,7.528909
-15.0,15,7.674283
-17.0,17,7.676881
-13.0,13,7.679522
-13.0,13,7.681702
-118.0,19,7.684919
-13.0,13,7.687055
-13.0,13,7.689919
-15.0,15,7.692825
-13.0,13,7.694976
-13.0,13,7.697097
-15.0,15,7.699975
-13.0,13,7.702209
-13.0,13,7.704692
-13.0,13,7.706909
-13.0,13,7.709403
-13.0,13,7.711614
-13.0,13,7.714584
-13.0,13,7.716931
-13.0,13,7.860465
-13.0,13,7.863103
-15.0,15,7.865437
-113.0,14,7.86789
-13.0,13,7.870337
-13.0,13,7.872501
-17.0,17,7.875328
-13.0,13,7.877454
-121.0,22,7.881261
-13.0,13,7.883788
-13.0,13,7.885948
-15.0,15,7.888325
-13.0,13,7.891036
-13.0,13,7.893153
-13.0,13,7.895295
-13.0,13,7.897646
-15.0,15,7.900293
-13.0,13,7.902361
-13.0,13,7.904723
-13.0,13,8.055333
-13.0,13,8.057788
-13.0,13,8.060157
-13.0,13,8.06228
-120.0,21,8.065599
-13.0,13,8.068535
-13.0,13,8.071163
-15.0,15,8.073811
-13.0,13,8.075964
-13.0,13,8.078625
-13.0,13,8.081334
-13.0,13,8.083627
-13.0,13,8.086185
-13.0,13,8.088981
-13.0,13,8.091176
-15.0,15,8.093774
-15.0,15,8.096202
-15.0,15,8.099507
-13.0,13,8.237265
-13.0,13,8.239337
-13.0,13,8.241507
-13.0,13,8.243643
-13.0,13,8.245532
-13.0,13,8.247608
-13.0,13,8.249474
-17.0,17,8.252007
-13.0,13,8.253967
-115.0,16,8.256082
-17.0,17,8.258486
-13.0,13,8.260401
-15.0,15,8.262658
-13.0,13,8.264467
-13.0,13,8.266607
-13.0,13,8.268744
-13.0,13,8.270624
-13.0,13,8.272371
-13.0,13,8.274359
-123.0,24,8.413456
-15.0,15,8.41584
-15.0,15,8.417975
-13.0,13,8.419826
-13.0,13,8.422194
-13.0,13,8.424108
-13.0,13,8.426004
-13.0,13,8.428113
-120.0,21,8.43179
-13.0,13,8.434228
-13.0,13,8.436525
-13.0,13,8.438976
-13.0,13,8.44126
-13.0,13,8.443619
-17.0,17,8.446158
-15.0,15,8.448361
-13.0,13,8.450794
-16.0,16,8.591672
-13.0,13,8.593944
-119.0,20,8.596899
-13.0,13,8.599055
-13.0,13,8.600967
-15.0,15,8.603562
-13.0,13,8.605569
-13.0,13,8.60779
-15.0,15,8.610262
-121.0,22,8.613567
-15.0,15,8.615586
-13.0,13,8.617615
-13.0,13,8.619319
-13.0,13,8.620981
-13.0,13,8.623123
-13.0,13,8.624982
-13.0,13,8.626758
-13.0,13,8.628669
-15.0,15,8.782397
-13.0,13,8.784507
-17.0,17,8.787023
-15.0,15,8.7892
-13.0,13,8.790988
-13.0,13,8.792997
-120.0,21,8.795994
-13.0,13,8.798189
-13.0,13,8.800103
-13.0,13,8.802233
-13.0,13,8.804302
-15.0,15,8.80642
-13.0,13,8.808263
-15.0,15,8.81074
-13.0,13,8.812591
-13.0,13,8.814508
-15.0,15,8.816757
-15.0,15,8.819005
-13.0,13,8.957055
-15.0,15,8.959203
-13.0,13,8.961359
-14.0,14,8.963583
-13.0,13,8.965499
-13.0,13,8.967631
-120.0,21,8.970739
-13.0,13,8.972918
-15.0,15,8.974992
-13.0,13,8.977092
-13.0,13,8.978871
-13.0,13,8.980779
-14.0,14,8.982878
-13.0,13,8.984671
-13.0,13,8.986466
-13.0,13,8.988605
-121.0,22,8.991578
-13.0,13,8.993469
-122.0,23,9.129356
-17.0,17,9.132112
-13.0,13,9.13408
-13.0,13,9.13625
-118.0,19,9.139014
-13.0,13,9.141125
-117.0,18,9.143896
-13.0,13,9.145776
-123.0,24,9.148901
-118.0,19,9.151743
-13.0,13,9.153802
-117.0,18,9.156066
-13.0,13,9.158129
-13.0,13,9.160267
-116.0,17,9.162715
-13.0,13,9.164609
-13.0,13,9.299311
-13.0,13,9.301716
-13.0,13,9.303667
-13.0,13,9.305605
-15.0,15,9.307972
-13.0,13,9.310115
-13.0,13,9.312121
-13.0,13,9.314363
-14.0,14,9.31631
-13.0,13,9.318394
-13.0,13,9.320453
-120.0,21,9.323408
-15.0,15,9.325257
-13.0,13,9.327461
-13.0,13,9.329375
-13.0,13,9.331272
-116.0,17,9.333757
-225.0,27,9.467211
-126.0,27,9.470922
-13.0,13,9.472956
-13.0,13,9.474829
-13.0,13,9.4768
-17.0,17,9.479136
-13.0,13,9.480941
-13.0,13,9.482774
-13.0,13,9.485002
-15.0,15,9.487133
-13.0,13,9.489241
-15.0,15,9.491466
-13.0,13,9.493529
-13.0,13,9.495623
-13.0,13,9.497481
-118.0,19,9.50028
-15.0,15,9.502613
-13.0,13,9.632581
-13.0,13,9.634546
-13.0,13,9.636316
-13.0,13,9.638554
-15.0,15,9.640534
-123.0,24,9.643863
-15.0,15,9.646102
-13.0,13,9.648284
-15.0,15,9.650827
-15.0,15,9.652965
-13.0,13,9.655102
-13.0,13,9.65733
-13.0,13,9.659276
-13.0,13,9.661183
-13.0,13,9.6634
-16.0,16,9.665843
-13.0,13,9.668051
-13.0,13,9.670028
-13.0,13,9.816532
-17.0,17,9.819746
-13.0,13,9.82195
-13.0,13,9.824427
-13.0,13,9.82665
-126.0,27,9.831576
-126.0,27,9.835806
-15.0,15,9.838444
-13.0,13,9.840453
-13.0,13,9.842809
-13.0,13,9.845135
-15.0,15,9.847483
-13.0,13,9.849658
-13.0,13,9.852244
-13.0,13,9.854414
-13.0,13,9.856508
-15.0,15,9.859089
-13.0,13,9.998178
-13.0,13,10.000162
-117.0,18,10.002895
-13.0,13,10.005016
-13.0,13,10.007135
-15.0,15,10.009237
-13.0,13,10.011278
-115.0,16,10.013506
-13.0,13,10.015828
-13.0,13,10.017785
-113.0,14,10.019753
-13.0,13,10.02171
-15.0,15,10.023878
-121.0,22,10.0269
-15.0,15,10.029236
-13.0,13,10.031131
-15.0,15,10.033731
-15.0,15,10.035567
-13.0,13,10.173833
-13.0,13,10.176211
-13.0,13,10.178558
-13.0,13,10.180566
-13.0,13,10.182889
-15.0,15,10.184988
-119.0,20,10.188919
-113.0,14,10.191159
-15.0,15,10.19368
-13.0,13,10.195709
-13.0,13,10.198813
-13.0,13,10.201024
-13.0,13,10.203197
-13.0,13,10.205267
-15.0,15,10.208141
-17.0,17,10.210917
-13.0,13,10.212976
-13.0,13,10.215587
-13.0,13,10.351219
-14.0,14,10.353317
-118.0,19,10.356078
-13.0,13,10.358007
-15.0,15,10.360544
-15.0,15,10.362679
-13.0,13,10.364779
-13.0,13,10.367046
-13.0,13,10.369166
-13.0,13,10.37104
-13.0,13,10.373191
-13.0,13,10.375128
-14.0,14,10.377366
-15.0,15,10.379539
-13.0,13,10.381535
-13.0,13,10.384045
-14.0,14,10.386438
-13.0,13,10.388359
-13.0,13,10.523602
-119.0,20,10.526672
-13.0,13,10.529089
-13.0,13,10.531015
-15.0,15,10.533556
-120.0,21,10.536688
-13.0,13,10.541199
-13.0,13,10.543422
-15.0,15,10.545776
-13.0,13,10.547417
-13.0,13,10.549436
-13.0,13,10.551354
-13.0,13,10.553217
-13.0,13,10.555059
-17.0,17,10.557631
-13.0,13,10.559447
-13.0,13,10.561435
-13.0,13,10.563193
-15.0,15,10.70733
-13.0,13,10.709758
-13.0,13,10.711778
-13.0,13,10.713704
-15.0,15,10.716265
-13.0,13,10.718114
-13.0,13,10.719993
-113.0,14,10.722097
-126.0,27,10.725912
-121.0,22,10.729255
-13.0,13,10.731152
-13.0,13,10.732976
-13.0,13,10.735113
-13.0,13,10.736813
-13.0,13,10.738478
-13.0,13,10.740191
-13.0,13,10.742317
-15.0,15,10.744236
-13.0,13,10.889057
-17.0,17,10.891662
-124.0,25,10.896127
-13.0,13,10.898942
-15.0,15,10.903448
-13.0,13,10.907159
-119.0,20,10.910903
-13.0,13,10.912972
-13.0,13,10.914976
-13.0,13,10.917064
-14.0,14,10.919245
-120.0,21,10.922094
-13.0,13,10.924027
-17.0,17,10.926533
-13.0,13,10.929921
-13.0,13,10.93176
-15.0,15,11.070524
-13.0,13,11.072799
-15.0,15,11.075177
-13.0,13,11.077109
-13.0,13,11.079407
-13.0,13,11.081278
-13.0,13,11.083408
-13.0,13,11.085639
-14.0,14,11.087662
-13.0,13,11.089596
-13.0,13,11.091839
-13.0,13,11.093714
-14.0,14,11.095582
-13.0,13,11.097581
-13.0,13,11.099621
-14.0,14,11.101443
-13.0,13,11.103357
-13.0,13,11.105041
-13.0,13,11.107027
-15.0,15,11.238764
-15.0,15,11.241007
-13.0,13,11.243051
-16.0,16,11.245291
-13.0,13,11.247123
-15.0,15,11.249358
-13.0,13,11.251149
-119.0,20,11.254078
-13.0,13,11.256199
-13.0,13,11.258111
-15.0,15,11.260159
-13.0,13,11.262482
-13.0,13,11.264351
-119.0,20,11.267235
-115.0,16,11.269686
-17.0,17,11.272047
-125.0,26,11.275842
-13.0,13,11.408329
-117.0,18,11.411102
-13.0,13,11.413275
-15.0,15,11.415486
-125.0,26,11.419102
-15.0,15,11.421337
-13.0,13,11.423576
-13.0,13,11.425843
-13.0,13,11.42812
-13.0,13,11.430172
-13.0,13,11.432589
-15.0,15,11.435119
-15.0,15,11.437339
-13.0,13,11.439613
-13.0,13,11.44196
-13.0,13,11.444006
-13.0,13,11.446293
-13.0,13,11.448371
-13.0,13,11.607237
-13.0,13,11.609199
-13.0,13,11.611257
-13.0,13,11.613115
-13.0,13,11.615226
-13.0,13,11.617294
-13.0,13,11.619235
-225.0,27,11.623008
-13.0,13,11.625145
-126.0,27,11.62913
-13.0,13,11.630987
-13.0,13,11.632713
-15.0,15,11.635265
-13.0,13,11.637087
-13.0,13,11.638941
-13.0,13,11.640917
-13.0,13,11.642909
-13.0,13,11.788514
-13.0,13,11.793769
-13.0,13,11.79814
-117.0,18,11.80436
-13.0,13,11.808544
-13.0,13,11.812724
-15.0,15,11.817722
-13.0,13,11.821963
-13.0,13,11.823699
-13.0,13,11.825656
-13.0,13,11.827393
-13.0,13,11.829424
-13.0,13,11.831315
-13.0,13,11.833701
-13.0,13,11.835486
-15.0,15,11.838063
-13.0,13,11.839951
-13.0,13,11.841799
-13.0,13,11.843908
-13.0,13,11.986358
-13.0,13,11.988359
-15.0,15,11.990705
-13.0,13,11.992572
-13.0,13,11.994651
-337.0,40,12.000274
-15.0,15,12.00258
-13.0,13,12.004561
-13.0,13,12.006738
-13.0,13,12.009031
-13.0,13,12.011069
-14.0,14,12.013016
-13.0,13,12.015502
-13.0,13,12.017512
-15.0,15,12.019698
-15.0,15,12.022181
-13.0,13,12.0244
-13.0,13,12.1648
-227.0,29,12.168737
-13.0,13,12.170843
-115.0,16,12.173328
-13.0,13,12.175487
-13.0,13,12.177406
-13.0,13,12.179289
-13.0,13,12.181494
-14.0,14,12.183458
-13.0,13,12.185243
-13.0,13,12.187262
-13.0,13,12.189192
-13.0,13,12.191064
-13.0,13,12.192805
-15.0,15,12.19504
-13.0,13,12.197069
-13.0,13,12.199064
-13.0,13,12.200889
-14.0,14,12.334467
-13.0,13,12.336839
-13.0,13,12.338721
-13.0,13,12.340658
-13.0,13,12.342637
-13.0,13,12.345011
-15.0,15,12.34715
-116.0,17,12.349885
-13.0,13,12.351675
-13.0,13,12.353892
-13.0,13,12.355684
-13.0,13,12.357399
-17.0,17,12.359828
-15.0,15,12.362092
-13.0,13,12.364264
-13.0,13,12.366176
-13.0,13,12.368103
-13.0,13,12.370448
-13.0,13,12.372374
-14.0,14,12.506609
-13.0,13,12.508746
-13.0,13,12.510911
-13.0,13,12.512823
-13.0,13,12.514772
-15.0,15,12.517049
-13.0,13,12.519248
-15.0,15,12.521695
-13.0,13,12.523772
-15.0,15,12.526163
-13.0,13,12.528167
-15.0,15,12.530162
-13.0,13,12.532402
-124.0,25,12.536036
-13.0,13,12.538279
-13.0,13,12.540384
-13.0,13,12.542415
-15.0,15,12.673988
-13.0,13,12.676419
-16.0,16,12.678568
-13.0,13,12.680814
-13.0,13,12.682771
-13.0,13,12.684878
-15.0,15,12.687306
-13.0,13,12.689326
-15.0,15,12.691679
-15.0,15,12.694069
-13.0,13,12.69597
-15.0,15,12.698302
-13.0,13,12.700194
-13.0,13,12.702733
-15.0,15,12.704988
-15.0,15,12.707495
-13.0,13,12.709444
-120.0,21,12.712578
-113.0,14,12.84291
-13.0,13,12.845119
-13.0,13,12.847091
-117.0,18,12.850066
-13.0,13,12.852064
-13.0,13,12.854102
-13.0,13,12.856293
-15.0,15,12.858658
-15.0,15,12.861018
-120.0,21,12.864164
-13.0,13,12.866118
-14.0,14,12.868357
-13.0,13,12.870606
-13.0,13,12.872602
-13.0,13,12.874622
-15.0,15,12.877125
-16.0,16,12.879353
-13.0,13,12.881575
-13.0,13,13.027936
-14.0,14,13.030488
-15.0,15,13.03361
-13.0,13,13.037309
-13.0,13,13.041265
-15.0,15,13.044334
-13.0,13,13.047173
-13.0,13,13.049677
-15.0,15,13.051962
-13.0,13,13.054376
-13.0,13,13.056769
-15.0,15,13.059167
-13.0,13,13.061528
-13.0,13,13.063875
-13.0,13,13.065978
-15.0,15,13.068497
-15.0,15,13.070847
-13.0,13,13.073227
-13.0,13,13.075614
-13.0,13,13.220966
-13.0,13,13.223147
-13.0,13,13.225765
-13.0,13,13.227866
-13.0,13,13.229952
-13.0,13,13.232295
-13.0,13,13.234698
-115.0,16,13.237201
-121.0,22,13.240999
-228.0,30,13.245834
-13.0,13,13.248202
-15.0,15,13.250602
-13.0,13,13.252966
-15.0,15,13.255281
-13.0,13,13.257907
-15.0,15,13.260218
-13.0,13,13.262324
-15.0,15,13.407102
-13.0,13,13.409257
-13.0,13,13.411171
-13.0,13,13.413502
-126.0,27,13.417522
-13.0,13,13.420596
-13.0,13,13.422545
-13.0,13,13.424326
-13.0,13,13.426402
-13.0,13,13.428503
-13.0,13,13.430367
-13.0,13,13.432485
-13.0,13,13.434797
-121.0,22,13.438291
-13.0,13,13.440057
-13.0,13,13.441997
-15.0,15,13.443943
-13.0,13,13.445939
-15.0,15,13.594445
-17.0,17,13.597014
-15.0,15,13.59914
-13.0,13,13.601256
-13.0,13,13.603235
-13.0,13,13.605167
-13.0,13,13.607198
-13.0,13,13.609596
-124.0,25,13.614145
-13.0,13,13.616124
-13.0,13,13.618074
-13.0,13,13.620104
-13.0,13,13.621805
-15.0,15,13.623829
-13.0,13,13.625616
-13.0,13,13.627495
-13.0,13,13.629725
-13.0,13,13.631469
-15.0,15,13.774828
-13.0,13,13.776977
-13.0,13,13.778967
-15.0,15,13.781311
-117.0,18,13.783722
-13.0,13,13.786042
-13.0,13,13.788043
-13.0,13,13.789927
-13.0,13,13.791966
-13.0,13,13.794037
-118.0,19,13.796521
-120.0,21,13.799433
-15.0,15,13.801516
-13.0,13,13.803812
-13.0,13,13.805677
-13.0,13,13.807519
-13.0,13,13.809674
-13.0,13,13.943446
-13.0,13,13.945495
-13.0,13,13.947629
-13.0,13,13.949602
-15.0,15,13.95197
-13.0,13,13.954053
-124.0,25,13.957847
-13.0,13,13.959697
-122.0,23,13.966357
-13.0,13,13.96819
-13.0,13,13.969976
-124.0,25,13.973484
-17.0,17,13.975923
-115.0,16,13.97798
-13.0,13,13.979836
-13.0,13,13.981909
-13.0,13,13.983983
-13.0,13,14.134103
-13.0,13,14.136346
-13.0,13,14.138398
-13.0,13,14.140579
-17.0,17,14.143168
-13.0,13,14.146034
-17.0,17,14.148826
-13.0,13,14.151631
-17.0,17,14.154456
-13.0,13,14.156422
-13.0,13,14.158466
-13.0,13,14.160536
-13.0,13,14.162306
-13.0,13,14.164142
-13.0,13,14.166169
-13.0,13,14.168639
-13.0,13,14.170445
-119.0,20,14.173172
-13.0,13,14.320696
-13.0,13,14.32323
-122.0,23,14.327002
-13.0,13,14.329337
-13.0,13,14.331517
-15.0,15,14.334599
-15.0,15,14.337336
-13.0,13,14.339493
-13.0,13,14.341642
-13.0,13,14.344234
-16.0,16,14.346542
-221.0,23,14.350415
-15.0,15,14.353186
-120.0,21,14.356686
-13.0,13,14.359016
-124.0,25,14.362903
-13.0,13,14.506026
-13.0,13,14.508382
-15.0,15,14.510532
-13.0,13,14.512486
-15.0,15,14.514811
-13.0,13,14.516877
-13.0,13,14.519751
-18.0,18,14.522289
-15.0,15,14.524502
-122.0,23,14.527913
-13.0,13,14.5298
-15.0,15,14.531975
-15.0,15,14.53412
-13.0,13,14.536867
-13.0,13,14.538707
-13.0,13,14.540653
-13.0,13,14.542756
-13.0,13,14.544872
-15.0,15,14.690058
-15.0,15,14.692711
-119.0,20,14.695863
-13.0,13,14.698134
-14.0,14,14.700592
-13.0,13,14.702696
-13.0,13,14.704703
-13.0,13,14.707273
-13.0,13,14.709762
-14.0,14,14.714183
-113.0,14,14.71657
-13.0,13,14.72137
-13.0,13,14.724407
-13.0,13,14.726608
-13.0,13,14.728488
-13.0,13,14.730498
-15.0,15,14.732503
-15.0,15,14.734558
-124.0,25,14.875116
-116.0,17,14.878052
-13.0,13,14.880419
-13.0,13,14.882527
-117.0,18,14.885418
-13.0,13,14.889336
-13.0,13,14.89242
-13.0,13,14.895272
-13.0,13,14.897784
-15.0,15,14.901156
-15.0,15,14.904052
-13.0,13,14.906464
-13.0,13,14.909013
-13.0,13,14.911535
-123.0,24,14.915538
-13.0,13,14.918079
-13.0,13,14.920266
-14.0,14,15.070518
-14.0,14,15.072983
-216.0,18,15.075586
-13.0,13,15.078002
-120.0,21,15.081508
-14.0,14,15.083632
-13.0,13,15.086011
-13.0,13,15.088148
-15.0,15,15.091131
-15.0,15,15.093949
-13.0,13,15.096155
-13.0,13,15.098323
-13.0,13,15.101019
-13.0,13,15.103708
-13.0,13,15.105887
-223.0,25,15.109991
-13.0,13,15.112258
-13.0,13,15.251472
-15.0,15,15.25392
-13.0,13,15.255832
-13.0,13,15.258147
-14.0,14,15.260085
-13.0,13,15.261984
-13.0,13,15.264125
-15.0,15,15.266495
-113.0,14,15.269051
-119.0,20,15.27209
-13.0,13,15.274167
-15.0,15,15.276611
-13.0,13,15.278731
-13.0,13,15.280798
-13.0,13,15.282817
-124.0,25,15.287668
-15.0,15,15.289982
-17.0,17,15.427817
-13.0,13,15.42988
-13.0,13,15.432034
-13.0,13,15.434236
-13.0,13,15.436144
-13.0,13,15.438037
-13.0,13,15.440387
-13.0,13,15.443466
-13.0,13,15.44607
-121.0,22,15.449304
-13.0,13,15.451981
-15.0,15,15.454552
-13.0,13,15.456815
-13.0,13,15.458663
-13.0,13,15.460735
-123.0,24,15.464426
-13.0,13,15.466432
-123.0,24,15.614441
-124.0,25,15.619025
-15.0,15,15.621418
-13.0,13,15.623876
-13.0,13,15.625993
-13.0,13,15.628555
-15.0,15,15.631302
-13.0,13,15.633479
-13.0,13,15.635599
-13.0,13,15.638209
-15.0,15,15.640538
-13.0,13,15.642654
-125.0,26,15.646905
-17.0,17,15.649935
-15.0,15,15.652267
-17.0,17,15.655068
-15.0,15,15.657363
-118.0,19,15.805948
-13.0,13,15.808465
-15.0,15,15.810828
-17.0,17,15.813705
-15.0,15,15.816373
-14.0,14,15.821453
-225.0,27,15.825518
-17.0,17,15.828244
-13.0,13,15.830451
-122.0,23,15.834051
-13.0,13,15.835969
-13.0,13,15.837744
-13.0,13,15.840096
-13.0,13,15.842126
-13.0,13,15.844083
-233.0,35,15.992533
-13.0,13,15.995019
-13.0,13,15.997194
-13.0,13,15.999967
-13.0,13,16.002161
-13.0,13,16.004859
-15.0,15,16.007333
-13.0,13,16.009239
-13.0,13,16.011058
-13.0,13,16.013357
-13.0,13,16.015073
-13.0,13,16.01674
-13.0,13,16.018944
-13.0,13,16.021233
-14.0,14,16.023046
-15.0,15,16.025174
-13.0,13,16.026955
-17.0,17,16.029407
-17.0,17,16.17368
-15.0,15,16.176086
-13.0,13,16.177976
-13.0,13,16.180182
-13.0,13,16.182407
-13.0,13,16.184394
-13.0,13,16.186346
-15.0,15,16.18895
-128.0,29,16.193727
-117.0,18,16.196473
-14.0,14,16.198694
-13.0,13,16.200878
-13.0,13,16.20328
-13.0,13,16.205966
-13.0,13,16.208061
-13.0,13,16.210301
-13.0,13,16.212519
-13.0,13,16.214626
-126.0,27,16.36078
-124.0,25,16.365172
-15.0,15,16.367873
-13.0,13,16.370045
-13.0,13,16.372323
-17.0,17,16.376034
-13.0,13,16.378236
-13.0,13,16.38069
-15.0,15,16.383052
-120.0,21,16.387052
-113.0,14,16.389986
-13.0,13,16.392105
-13.0,13,16.394188
-15.0,15,16.397017
-13.0,13,16.399204
-13.0,13,16.401257
-13.0,13,16.539968
-13.0,13,16.542092
-13.0,13,16.543893
-13.0,13,16.546027
-13.0,13,16.547948
-13.0,13,16.550055
-13.0,13,16.551855
-15.0,15,16.554333
-15.0,15,16.556435
-15.0,15,16.559006
-13.0,13,16.560845
-15.0,15,16.563265
-15.0,15,16.565203
-13.0,13,16.567539
-124.0,25,16.571054
-13.0,13,16.573032
-15.0,15,16.575401
-13.0,13,16.577576
-15.0,15,16.712444
-13.0,13,16.714421
-13.0,13,16.716318
-13.0,13,16.718668
-13.0,13,16.720541
-13.0,13,16.722455
-13.0,13,16.724303
-13.0,13,16.726587
-13.0,13,16.728635
-13.0,13,16.730706
-17.0,17,16.733359
-15.0,15,16.735883
-13.0,13,16.737748
-13.0,13,16.739728
-13.0,13,16.741639
-13.0,13,16.743966
-15.0,15,16.745954
-13.0,13,16.748151
-13.0,13,16.750092
-14.0,14,16.892089
-13.0,13,16.894589
-13.0,13,16.896752
-119.0,20,16.900094
-15.0,15,16.902735
-13.0,13,16.905134
-13.0,13,16.907246
-13.0,13,16.909425
-13.0,13,16.912123
-15.0,15,16.914578
-13.0,13,16.916766
-15.0,15,16.919205
-13.0,13,16.921767
-13.0,13,16.923815
-15.0,15,16.926383
-15.0,15,16.928666
-13.0,13,16.931214
-13.0,13,16.933171
-121.0,22,17.072322
-13.0,13,17.074516
-117.0,18,17.077187
-13.0,13,17.079352
-13.0,13,17.081556
-13.0,13,17.083513
-224.0,26,17.087889
-116.0,17,17.090562
-14.0,14,17.092447
-13.0,13,17.094181
-15.0,15,17.096647
-13.0,13,17.098451
-13.0,13,17.100208
-13.0,13,17.102224
-13.0,13,17.104392
-13.0,13,17.106303
-13.0,13,17.108419
-13.0,13,17.24343
-231.0,33,17.248395
-13.0,13,17.251056
-120.0,21,17.25539
-13.0,13,17.257468
-13.0,13,17.259701
-121.0,22,17.263076
-14.0,14,17.265354
-13.0,13,17.267384
-13.0,13,17.269503
-15.0,15,17.271903
-15.0,15,17.274117
-17.0,17,17.276685
-117.0,18,17.279666
-13.0,13,17.281578
-13.0,13,17.283377
-17.0,17,17.419331
-13.0,13,17.421483
-15.0,15,17.423879
-15.0,15,17.425965
-13.0,13,17.428087
-13.0,13,17.430249
-15.0,15,17.432687
-13.0,13,17.434664
-13.0,13,17.436549
-15.0,15,17.438935
-13.0,13,17.44076
-13.0,13,17.442593
-118.0,19,17.445235
-13.0,13,17.447277
-15.0,15,17.449405
-14.0,14,17.451285
-13.0,13,17.45339
-13.0,13,17.455483
-13.0,13,17.585651
-13.0,13,17.587888
-13.0,13,17.589857
-13.0,13,17.591922
-13.0,13,17.593745
-121.0,22,17.596983
-15.0,15,17.599023
-13.0,13,17.601089
-13.0,13,17.603241
-15.0,15,17.605323
-17.0,17,17.607774
-13.0,13,17.609952
-13.0,13,17.612014
-13.0,13,17.613934
-13.0,13,17.615865
-15.0,15,17.618221
-13.0,13,17.620183
-13.0,13,17.622102
-17.0,17,17.772713
-119.0,20,17.776437
-13.0,13,17.778652
-13.0,13,17.78116
-13.0,13,17.783398
-13.0,13,17.786171
-13.0,13,17.788879
-119.0,20,17.792263
-13.0,13,17.794733
-14.0,14,17.797313
-13.0,13,17.799911
-123.0,24,17.804451
-14.0,14,17.806892
-13.0,13,17.809568
-122.0,23,17.813267
-13.0,13,17.816129
-13.0,13,17.819188
-13.0,13,17.975115
-13.0,13,17.977377
-115.0,16,17.98014
-15.0,15,17.982516
-15.0,15,17.985383
-15.0,15,17.987639
-13.0,13,17.989801
-13.0,13,17.992275
-15.0,15,17.994888
-13.0,13,17.997334
-17.0,17,18.000114
-15.0,15,18.002846
-14.0,14,18.005325
-13.0,13,18.007496
-14.0,14,18.009942
-13.0,13,18.012036
-13.0,13,18.014299
-13.0,13,18.016679
-15.0,15,18.165108
-13.0,13,18.16765
-120.0,21,18.171222
-13.0,13,18.173361
-13.0,13,18.175521
-122.0,23,18.179476
-13.0,13,18.181912
-322.0,25,18.185775
-13.0,13,18.188234
-15.0,15,18.190599
-13.0,13,18.192929
-123.0,24,18.196743
-15.0,15,18.199095
-13.0,13,18.201469
-13.0,13,18.203863
-13.0,13,18.205967
-13.0,13,18.353367
-115.0,16,18.356029
-13.0,13,18.358498
-13.0,13,18.360962
-15.0,15,18.363263
-13.0,13,18.365669
-13.0,13,18.367986
-13.0,13,18.370242
-15.0,15,18.3729
-14.0,14,18.375119
-15.0,15,18.377918
-13.0,13,18.380045
-15.0,15,18.38243
-13.0,13,18.384759
-15.0,15,18.387272
-13.0,13,18.389354
-13.0,13,18.391701
-115.0,16,18.39415
-13.0,13,18.396657
-13.0,13,18.545506
-15.0,15,18.547843
-13.0,13,18.550246
-13.0,13,18.552658
-13.0,13,18.554867
-13.0,13,18.557273
-13.0,13,18.559393
-15.0,15,18.561917
-13.0,13,18.564274
-13.0,13,18.566429
-13.0,13,18.568512
-13.0,13,18.571078
-15.0,15,18.573315
-13.0,13,18.575389
-13.0,13,18.57771
-124.0,25,18.581676
-125.0,26,18.585697
-13.0,13,18.734091
-14.0,14,18.736601
-13.0,13,18.739112
-13.0,13,18.741205
-15.0,15,18.74373
-13.0,13,18.745813
-13.0,13,18.748147
-13.0,13,18.750505
-13.0,13,18.752735
-13.0,13,18.754912
-13.0,13,18.757301
-13.0,13,18.759686
-114.0,15,18.761919
-15.0,15,18.764558
-15.0,15,18.767121
-13.0,13,18.769538
-15.0,15,18.771991
-13.0,13,18.774186
-13.0,13,18.776884
-15.0,15,18.92393
-121.0,22,18.927527
-13.0,13,18.929986
-13.0,13,18.932434
-115.0,16,18.935106
-15.0,15,18.937453
-13.0,13,18.939625
-13.0,13,18.942431
-13.0,13,18.944604
-13.0,13,18.947053
-117.0,18,18.950247
-13.0,13,18.952644
-13.0,13,18.955046
-113.0,14,18.95743
-13.0,13,18.9596
-15.0,15,18.962694
-13.0,13,18.965134
-15.0,15,19.112279
-13.0,13,19.114637
-13.0,13,19.117054
-13.0,13,19.119474
-13.0,13,19.121691
-13.0,13,19.12382
-13.0,13,19.126195
-115.0,16,19.129475
-15.0,15,19.132223
-13.0,13,19.134456
-220.0,22,19.138243
-15.0,15,19.141448
-13.0,13,19.143677
-13.0,13,19.145847
-13.0,13,19.148237
-13.0,13,19.150691
-13.0,13,19.152798
-13.0,13,19.154872
-13.0,13,19.157974
-13.0,13,19.306958
-13.0,13,19.309176
-123.0,24,19.313356
-13.0,13,19.315822
-13.0,13,19.317991
-13.0,13,19.320403
-13.0,13,19.322582
-13.0,13,19.324897
-13.0,13,19.327118
-15.0,15,19.329839
-15.0,15,19.332259
-13.0,13,19.334945
-16.0,16,19.337363
-13.0,13,19.339912
-13.0,13,19.342082
-121.0,22,19.345989
-13.0,13,19.348099
-13.0,13,19.490119
-15.0,15,19.492775
-122.0,23,19.497099
-13.0,13,19.499299
-13.0,13,19.501467
-13.0,13,19.503609
-13.0,13,19.506462
-13.0,13,19.508687
-13.0,13,19.510798
-13.0,13,19.513138
-13.0,13,19.515633
-13.0,13,19.51776
-13.0,13,19.520079
-13.0,13,19.522211
-13.0,13,19.524576
-116.0,17,19.527648
-15.0,15,19.530047
-123.0,24,19.534054
-116.0,17,19.682918
-851.0,257,19.844655
-13.0,13,19.846618
-17.0,17,19.849085
-13.0,13,19.851202
-13.0,13,19.853334
-13.0,13,19.855177
-228.0,30,19.859529
-13.0,13,19.861639
-13.0,13,19.86379
-13.0,13,19.865646
-13.0,13,19.867486
-13.0,13,19.869714
-13.0,13,19.871614
-13.0,13,19.873984
-13.0,13,19.875973
-15.0,15,19.878474
-13.0,13,19.880291
-13.0,13,20.012578
-124.0,25,20.016262
-13.0,13,20.018427
-13.0,13,20.02056
-13.0,13,20.022596
-13.0,13,20.024451
-13.0,13,20.026826
-13.0,13,20.029224
-15.0,15,20.031587
-13.0,13,20.033611
-13.0,13,20.035724
-13.0,13,20.037546
-13.0,13,20.039616
-13.0,13,20.041457
-13.0,13,20.043505
-13.0,13,20.045308
-13.0,13,20.047243
-13.0,13,20.04898
-13.0,13,20.051061
-13.0,13,20.188498
-13.0,13,20.190509
-15.0,15,20.192588
-13.0,13,20.194953
-13.0,13,20.196841
-13.0,13,20.198739
-13.0,13,20.200818
-13.0,13,20.202892
-13.0,13,20.205426
-13.0,13,20.207724
-13.0,13,20.209674
-13.0,13,20.211672
-13.0,13,20.213578
-13.0,13,20.216002
-13.0,13,20.217938
-115.0,16,20.220599
-13.0,13,20.222872
-13.0,13,20.22475
-13.0,13,20.226849
-13.0,13,20.369817
-15.0,15,20.372121
-13.0,13,20.374282
-13.0,13,20.376095
-13.0,13,20.378278
-117.0,18,20.38095
-13.0,13,20.382879
-13.0,13,20.385042
-13.0,13,20.387184
-13.0,13,20.389104
-13.0,13,20.391446
-15.0,15,20.39353
-13.0,13,20.395633
-15.0,15,20.397926
-13.0,13,20.399954
-13.0,13,20.401917
-13.0,13,20.40437
-13.0,13,20.406421
-15.0,15,20.408897
-15.0,15,20.574653
-13.0,13,20.577043
-13.0,13,20.57946
-15.0,15,20.581893
-13.0,13,20.58398
-117.0,18,20.587274
-15.0,15,20.590042
-13.0,13,20.592214
-117.0,18,20.595321
-13.0,13,20.597769
-123.0,24,20.601752
-13.0,13,20.603844
-17.0,17,20.606593
-15.0,15,20.609266
-13.0,13,20.611492
-115.0,16,20.614214
-13.0,13,20.616277
-13.0,13,20.758316
-13.0,13,20.760543
-13.0,13,20.762667
-13.0,13,20.764783
-13.0,13,20.767412
-13.0,13,20.769511
-13.0,13,20.771669
-13.0,13,20.774033
-13.0,13,20.776399
-13.0,13,20.778837
-13.0,13,20.781136
-13.0,13,20.783314
-13.0,13,20.785637
-13.0,13,20.787662
-15.0,15,20.790359
-123.0,24,20.794376
-122.0,23,20.798613
-13.0,13,20.800672
-15.0,15,20.932693
-15.0,15,20.935152
-15.0,15,20.937496
-15.0,15,20.939757
-15.0,15,20.941842
-115.0,16,20.944303
-13.0,13,20.946379
-13.0,13,20.948542
-13.0,13,20.950382
-13.0,13,20.952211
-14.0,14,20.954592
-13.0,13,20.956464
-13.0,13,20.958416
-120.0,21,20.961695
-15.0,15,20.964369
-119.0,20,20.967473
-15.0,15,20.96967
-13.0,13,21.110711
-13.0,13,21.113061
-13.0,13,21.115112
-13.0,13,21.1174
-125.0,26,21.121315
-13.0,13,21.123694
-13.0,13,21.126
-119.0,20,21.129277
-13.0,13,21.131408
-13.0,13,21.133791
-13.0,13,21.136187
-13.0,13,21.138259
-13.0,13,21.140408
-119.0,20,21.143738
-13.0,13,21.146
-15.0,15,21.148204
-15.0,15,21.150576
-15.0,15,21.299512
-13.0,13,21.301824
-13.0,13,21.304222
-13.0,13,21.306372
-13.0,13,21.308707
-15.0,15,21.311247
-13.0,13,21.313312
-13.0,13,21.315401
-13.0,13,21.318005
-13.0,13,21.320176
-15.0,15,21.322521
-13.0,13,21.324851
-13.0,13,21.327216
-13.0,13,21.329278
-13.0,13,21.331648
-13.0,13,21.333745
-15.0,15,21.336126
-13.0,13,21.338511
-13.0,13,21.340786
-13.0,13,21.48243
-13.0,13,21.485111
-13.0,13,21.487171
-13.0,13,21.489213
-116.0,17,21.492052
-13.0,13,21.494313
-15.0,15,21.496865
-15.0,15,21.499179
-228.0,30,21.5037
-14.0,14,21.506324
-13.0,13,21.508415
-13.0,13,21.51046
-13.0,13,21.512745
-13.0,13,21.515095
-13.0,13,21.517086
-13.0,13,21.519052
-13.0,13,21.521351
-13.0,13,21.523573
-122.0,23,21.661393
-13.0,13,21.663561
-15.0,15,21.6656
-15.0,15,21.668086
-13.0,13,21.669879
-122.0,23,21.674263
-13.0,13,21.677527
-121.0,22,21.681873
-13.0,13,21.683748
-15.0,15,21.686007
-13.0,13,21.687767
-13.0,13,21.690459
-13.0,13,21.692342
-13.0,13,21.694412
-13.0,13,21.696178
-13.0,13,21.698239
-15.0,15,21.700518
-13.0,13,21.845357
-14.0,14,21.850701
-13.0,13,21.855445
-13.0,13,21.858933
-15.0,15,21.861449
-13.0,13,21.863493
-15.0,15,21.865795
-13.0,13,21.867718
-15.0,15,21.869807
-15.0,15,21.872001
-117.0,18,21.87488
-13.0,13,21.876554
-118.0,19,21.879016
-14.0,14,21.880691
-13.0,13,21.882588
-13.0,13,21.884425
-15.0,15,21.886358
-13.0,13,21.88827
-15.0,15,22.035741
-16.0,16,22.038503
-13.0,13,22.040642
-13.0,13,22.042605
-13.0,13,22.045268
-13.0,13,22.047431
-13.0,13,22.050314
-13.0,13,22.053764
-13.0,13,22.056425
-13.0,13,22.0587
-18.0,18,22.061624
-13.0,13,22.063807
-17.0,17,22.066921
-13.0,13,22.069324
-13.0,13,22.071532
-13.0,13,22.073954
-13.0,13,22.07628
-13.0,13,22.078411
-13.0,13,22.08073
-13.0,13,22.225545
-13.0,13,22.22806
-13.0,13,22.230494
-124.0,25,22.234499
-123.0,24,22.238387
-13.0,13,22.241107
-15.0,15,22.243409
-15.0,15,22.246019
-13.0,13,22.248143
-13.0,13,22.250512
-17.0,17,22.253138
-13.0,13,22.255228
-15.0,15,22.257771
-13.0,13,22.26022
-13.0,13,22.26239
-13.0,13,22.264689
-13.0,13,22.26684
-13.0,13,22.41512
-13.0,13,22.417515
-13.0,13,22.419632
-13.0,13,22.421804
-13.0,13,22.424447
-15.0,15,22.426756
-13.0,13,22.43046
-13.0,13,22.434494
-13.0,13,22.43775
-13.0,13,22.43993
-13.0,13,22.442354
-13.0,13,22.444545
-13.0,13,22.446892
-13.0,13,22.448974
-13.0,13,22.451351
-13.0,13,22.45343
-13.0,13,22.455768
-13.0,13,22.458142
-13.0,13,22.460191
-13.0,13,22.604319
-13.0,13,22.607137
-13.0,13,22.609339
-115.0,16,22.611849
-15.0,15,22.614466
-13.0,13,22.617019
-13.0,13,22.619483
-13.0,13,22.621658
-14.0,14,22.623806
-13.0,13,22.626492
-13.0,13,22.628567
-17.0,17,22.631357
-13.0,13,22.633593
-13.0,13,22.635907
-15.0,15,22.638504
-15.0,15,22.640872
-124.0,25,22.645093
-13.0,13,22.64746
-15.0,15,22.792575
-15.0,15,22.795041
-13.0,13,22.79692
-13.0,13,22.799206
-13.0,13,22.801088
-13.0,13,22.803015
-13.0,13,22.804989
-125.0,26,22.809329
-13.0,13,22.81148
-13.0,13,22.813889
-120.0,21,22.817332
-13.0,13,22.819713
-13.0,13,22.821828
-13.0,13,22.82419
-13.0,13,22.826328
-124.0,25,22.830358
-13.0,13,22.832717
-13.0,13,22.981012
-13.0,13,22.983247
-17.0,17,22.986339
-13.0,13,22.988506
-13.0,13,22.990896
-15.0,15,22.993277
-13.0,13,22.995733
-13.0,13,22.998227
-119.0,20,23.001529
-13.0,13,23.003702
-13.0,13,23.005998
-15.0,15,23.008526
-118.0,19,23.011688
-15.0,15,23.014012
-13.0,13,23.016595
-13.0,13,23.01873
-13.0,13,23.020825
-15.0,15,23.023393
-15.0,15,23.166909
-13.0,13,23.169124
-13.0,13,23.171556
-13.0,13,23.173629
-13.0,13,23.175963
-14.0,14,23.178425
-13.0,13,23.180552
-13.0,13,23.182696
-13.0,13,23.1853
-17.0,17,23.187894
-15.0,15,23.190526
-13.0,13,23.19253
-13.0,13,23.194859
-13.0,13,23.19716
-13.0,13,23.199233
-14.0,14,23.201419
-13.0,13,23.20383
-13.0,13,23.20588
-123.0,24,23.360938
-13.0,13,23.363455
-13.0,13,23.365963
-13.0,13,23.368153
-13.0,13,23.370606
-13.0,13,23.372745
-13.0,13,23.375165
-13.0,13,23.377663
-15.0,15,23.380102
-118.0,19,23.383306
-13.0,13,23.385711
-13.0,13,23.38805
-13.0,13,23.390142
-15.0,15,23.392459
-13.0,13,23.39506
-122.0,23,23.398736
-13.0,13,23.40076
-13.0,13,23.403028
-13.0,13,23.560075
-13.0,13,23.562218
-13.0,13,23.564079
-13.0,13,23.566242
-13.0,13,23.568278
-15.0,15,23.570548
-13.0,13,23.572768
-13.0,13,23.575472
-13.0,13,23.577504
-13.0,13,23.57966
-120.0,21,23.582635
-13.0,13,23.584435
-13.0,13,23.586365
-117.0,18,23.588786
-13.0,13,23.59079
-13.0,13,23.592554
-13.0,13,23.594616
-17.0,17,23.596898
-13.0,13,23.733503
-13.0,13,23.735497
-15.0,15,23.738084
-13.0,13,23.740014
-13.0,13,23.742095
-13.0,13,23.74403
-13.0,13,23.74604
-13.0,13,23.74843
-13.0,13,23.750617
-15.0,15,23.752671
-13.0,13,23.754877
-13.0,13,23.756685
-118.0,19,23.759572
-117.0,18,23.762177
-14.0,14,23.764213
-15.0,15,23.766194
-13.0,13,23.768232
-116.0,17,23.770549
-13.0,13,23.911544
-13.0,13,23.913556
-122.0,23,23.916884
-13.0,13,23.918945
-13.0,13,23.92112
-15.0,15,23.923229
-13.0,13,23.925441
-14.0,14,23.927784
-13.0,13,23.929946
-122.0,23,23.933797
-13.0,13,23.9357
-13.0,13,23.937614
-15.0,15,23.940192
-15.0,15,23.942304
-13.0,13,23.944596
-13.0,13,23.946498
-13.0,13,23.948702
-13.0,13,23.950987
-13.0,13,24.098584
-13.0,13,24.100531
-13.0,13,24.102709
-123.0,24,24.106474
-13.0,13,24.108347
-13.0,13,24.110255
-13.0,13,24.112579
-13.0,13,24.114556
-13.0,13,24.116486
-13.0,13,24.118574
-13.0,13,24.120529
-13.0,13,24.122305
-113.0,14,24.12435
-15.0,15,24.126582
-115.0,16,24.129215
-13.0,13,24.131079
-13.0,13,24.13296
-13.0,13,24.135095
-13.0,13,24.266661
-16.0,16,24.269314
-13.0,13,24.27135
-126.0,27,24.27545
-13.0,13,24.277776
-13.0,13,24.279797
-119.0,20,24.282974
-14.0,14,24.285299
-13.0,13,24.287873
-115.0,16,24.290677
-124.0,25,24.294734
-13.0,13,24.296834
-13.0,13,24.299373
-13.0,13,24.301455
-13.0,13,24.303516
-13.0,13,24.305585
-15.0,15,24.453335
-13.0,13,24.45558
-13.0,13,24.457875
-13.0,13,24.459969
-13.0,13,24.462359
-13.0,13,24.464459
-13.0,13,24.466726
-13.0,13,24.468805
-15.0,15,24.471589
-224.0,26,24.475636
-13.0,13,24.477823
-123.0,24,24.481816
-15.0,15,24.484334
-13.0,13,24.486678
-13.0,13,24.488856
-15.0,15,24.491183
-13.0,13,24.493751
-15.0,15,24.495997
-13.0,13,24.640187
-13.0,13,24.642387
-13.0,13,24.644726
-13.0,13,24.646823
-13.0,13,24.649162
-13.0,13,24.6513
-115.0,16,24.654355
-13.0,13,24.656526
-120.0,21,24.660094
-13.0,13,24.662233
-15.0,15,24.665047
-13.0,13,24.66722
-14.0,14,24.669748
-13.0,13,24.671942
-13.0,13,24.674334
-13.0,13,24.676506
-13.0,13,24.678984
-123.0,24,24.813455
-13.0,13,24.815686
-13.0,13,24.817755
-13.0,13,24.819607
-13.0,13,24.821484
-224.0,26,24.825593
-13.0,13,24.827649
-13.0,13,24.829887
-13.0,13,24.831661
-13.0,13,24.833735
-13.0,13,24.835608
-13.0,13,24.837626
-13.0,13,24.83942
-13.0,13,24.841485
-15.0,15,24.843765
-113.0,14,24.845708
-13.0,13,24.84766
-121.0,22,24.850648
-13.0,13,24.991911
-13.0,13,24.994074
-15.0,15,24.99641
-13.0,13,24.99858
-117.0,18,25.00116
-13.0,13,25.003053
-13.0,13,25.005157
-13.0,13,25.007305
-15.0,15,25.009495
-118.0,19,25.012485
-13.0,13,25.014454
-13.0,13,25.016427
-123.0,24,25.020083
-13.0,13,25.022132
-13.0,13,25.023868
-120.0,21,25.026712
-13.0,13,25.028611
-13.0,13,25.179722
-13.0,13,25.181854
-13.0,13,25.184071
-13.0,13,25.186352
-15.0,15,25.188801
-13.0,13,25.190694
-13.0,13,25.193041
-13.0,13,25.195025
-13.0,13,25.196842
-13.0,13,25.19864
-15.0,15,25.201057
-13.0,13,25.202871
-13.0,13,25.204807
-15.0,15,25.206714
-13.0,13,25.208713
-117.0,18,25.211258
-14.0,14,25.213401
-13.0,13,25.215125
-13.0,13,25.216978
-13.0,13,25.351004
-13.0,13,25.353265
-13.0,13,25.355232
-15.0,15,25.357733
-13.0,13,25.35965
-19.0,19,25.362345
-13.0,13,25.364257
-126.0,27,25.368492
-13.0,13,25.37035
-13.0,13,25.372138
-13.0,13,25.374219
-13.0,13,25.376222
-117.0,18,25.378786
-13.0,13,25.380708
-13.0,13,25.38261
-13.0,13,25.384906
-13.0,13,25.386778
-117.0,18,25.531363
-15.0,15,25.533951
-13.0,13,25.536672
-13.0,13,25.538807
-15.0,15,25.541195
-13.0,13,25.543553
-13.0,13,25.545963
-13.0,13,25.548156
-15.0,15,25.551117
-15.0,15,25.553561
-13.0,13,25.556169
-15.0,15,25.558568
-15.0,15,25.561795
-13.0,13,25.56398
-13.0,13,25.566447
-13.0,13,25.568553
-15.0,15,25.571066
-13.0,13,25.573147
-13.0,13,25.575671
-15.0,15,25.730979
-13.0,13,25.733204
-13.0,13,25.735643
-13.0,13,25.738033
-13.0,13,25.740196
-15.0,15,25.742765
-13.0,13,25.744912
-13.0,13,25.747286
-13.0,13,25.749748
-15.0,15,25.752148
-13.0,13,25.754274
-125.0,26,25.758855
-14.0,14,25.761032
-13.0,13,25.763335
-13.0,13,25.76544
-13.0,13,25.76779
-13.0,13,25.770225
-215.0,17,25.772722
-123.0,24,25.924146
-13.0,13,25.926733
-13.0,13,25.928883
-13.0,13,25.931337
-13.0,13,25.933568
-13.0,13,25.936078
-14.0,14,25.938808
-13.0,13,25.941065
-13.0,13,25.943274
-13.0,13,25.946109
-13.0,13,25.948222
-117.0,18,25.951282
-125.0,26,25.95523
-13.0,13,25.957769
-127.0,28,25.961929
-13.0,13,25.964345
-13.0,13,26.114792
-15.0,15,26.117281
-123.0,24,26.121294
-13.0,13,26.123458
-115.0,16,26.128067
-13.0,13,26.133044
-13.0,13,26.135424
-13.0,13,26.138431
-13.0,13,26.140747
-13.0,13,26.143455
-13.0,13,26.14616
-13.0,13,26.148892
-13.0,13,26.151217
-15.0,15,26.154383
-15.0,15,26.156904
-15.0,15,26.160089
-13.0,13,26.1624
-13.0,13,26.165022
-13.0,13,26.310125
-13.0,13,26.312089
-118.0,19,26.314936
-13.0,13,26.317109
-13.0,13,26.319047
-13.0,13,26.321209
-13.0,13,26.323157
-13.0,13,26.325234
-15.0,15,26.327621
-15.0,15,26.330006
-119.0,20,26.332694
-15.0,15,26.335031
-15.0,15,26.336882
-13.0,13,26.338851
-13.0,13,26.340622
-13.0,13,26.342606
-13.0,13,26.344446
-228.0,30,26.483441
-124.0,25,26.487292
-13.0,13,26.489414
-13.0,13,26.491457
-13.0,13,26.493419
-13.0,13,26.495327
-125.0,26,26.499401
-14.0,14,26.501547
-13.0,13,26.503404
-13.0,13,26.50551
-13.0,13,26.507726
-13.0,13,26.509577
-13.0,13,26.511822
-13.0,13,26.513698
-13.0,13,26.515952
-13.0,13,26.518092
-15.0,15,26.520471
-13.0,13,26.656953
-15.0,15,26.659707
-16.0,16,26.661918
-13.0,13,26.664319
-13.0,13,26.66628
-15.0,15,26.668927
-13.0,13,26.670932
-15.0,15,26.673293
-13.0,13,26.675502
-15.0,15,26.677873
-13.0,13,26.679775
-13.0,13,26.681968
-15.0,15,26.684147
-17.0,17,26.686905
-13.0,13,26.688833
-15.0,15,26.691195
-13.0,13,26.693064
-13.0,13,26.695121
-15.0,15,26.825534
-13.0,13,26.827675
-118.0,19,26.830742
-124.0,25,26.834735
-119.0,20,26.837785
-13.0,13,26.839874
-13.0,13,26.841863
-13.0,13,26.844084
-13.0,13,26.846368
-13.0,13,26.848313
-123.0,24,26.851904
-13.0,13,26.854343
-14.0,14,26.856304
-13.0,13,26.858256
-15.0,15,26.8606
-15.0,15,26.862983
-14.0,14,26.865143
-15.0,15,27.007598
-13.0,13,27.010037
-15.0,15,27.012556
-15.0,15,27.015182
-13.0,13,27.017413
-119.0,20,27.02068
-15.0,15,27.0234
-13.0,13,27.025944
-13.0,13,27.028169
-13.0,13,27.030267
-13.0,13,27.032885
-13.0,13,27.034929
-13.0,13,27.037039
-13.0,13,27.039361
-15.0,15,27.041912
-15.0,15,27.044469
-13.0,13,27.046725
-119.0,20,27.050033
-121.0,22,27.201069
-13.0,13,27.202971
-15.0,15,27.20531
-13.0,13,27.207237
-13.0,13,27.209234
-15.0,15,27.211551
-13.0,13,27.213527
-13.0,13,27.215507
-13.0,13,27.217457
-13.0,13,27.219305
-13.0,13,27.222541
-13.0,13,27.227671
-17.0,17,27.232834
-122.0,23,27.236598
-13.0,13,27.238375
-13.0,13,27.240135
-13.0,13,27.242388
-13.0,13,27.384153
-13.0,13,27.386498
-15.0,15,27.389139
-15.0,15,27.391759
-13.0,13,27.394117
-15.0,15,27.396481
-13.0,13,27.398596
-13.0,13,27.401145
-13.0,13,27.403393
-13.0,13,27.405703
-13.0,13,27.408097
-15.0,15,27.410773
-13.0,13,27.412967
-15.0,15,27.41576
-17.0,17,27.418635
-13.0,13,27.420997
-13.0,13,27.423123
-13.0,13,27.425354
-13.0,13,27.427762
-13.0,13,27.577442
-13.0,13,27.579597
-15.0,15,27.582299
-13.0,13,27.584371
-17.0,17,27.587425
-13.0,13,27.589574
-13.0,13,27.591805
-13.0,13,27.594233
-13.0,13,27.596541
-14.0,14,27.598757
-13.0,13,27.601178
-13.0,13,27.603364
-13.0,13,27.605799
-15.0,15,27.608373
-13.0,13,27.610563
-13.0,13,27.612725
-13.0,13,27.615422
-118.0,19,27.618588
-13.0,13,27.759523
-13.0,13,27.761603
-13.0,13,27.763926
-15.0,15,27.766049
-13.0,13,27.767953
-116.0,17,27.770543
-14.0,14,27.772737
-13.0,13,27.774972
-13.0,13,27.776889
-122.0,23,27.780096
-222.0,24,27.78365
-13.0,13,27.785501
-15.0,15,27.787558
-15.0,15,27.789411
-13.0,13,27.791464
-13.0,13,27.793463
-13.0,13,27.795422
-13.0,13,27.797228
-13.0,13,27.961082
-15.0,15,27.963659
-17.0,17,27.966631
-15.0,15,27.969111
-13.0,13,27.971835
-116.0,17,27.974668
-13.0,13,27.977201
-15.0,15,27.979624
-13.0,13,27.98225
-125.0,26,27.98691
-13.0,13,27.989116
-15.0,15,27.991721
-16.0,16,27.994355
-13.0,13,27.996845
-13.0,13,27.999038
-119.0,20,28.002374
-13.0,13,28.154533
-121.0,22,28.158221
-13.0,13,28.160666
-13.0,13,28.162777
-17.0,17,28.165946
-13.0,13,28.168133
-13.0,13,28.170571
-113.0,14,28.173102
-13.0,13,28.175653
-13.0,13,28.177884
-13.0,13,28.180481
-15.0,15,28.182826
-15.0,15,28.185758
-13.0,13,28.188033
-13.0,13,28.190251
-13.0,13,28.192612
-13.0,13,28.195058
-13.0,13,28.197181
-13.0,13,28.199374
-13.0,13,28.348015
-13.0,13,28.350501
-13.0,13,28.352712
-13.0,13,28.355186
-13.0,13,28.357357
-15.0,15,28.359911
-118.0,19,28.363295
-13.0,13,28.365798
-15.0,15,28.368193
-13.0,13,28.370569
-13.0,13,28.37299
-13.0,13,28.375205
-13.0,13,28.377374
-118.0,19,28.380811
-13.0,13,28.383153
-15.0,15,28.385469
-13.0,13,28.387534
-13.0,13,28.390077
-13.0,13,28.538871
-13.0,13,28.541104
-13.0,13,28.543481
-13.0,13,28.545908
-16.0,16,28.548391
-13.0,13,28.550986
-116.0,17,28.553605
-215.0,17,28.556646
-15.0,15,28.559462
-13.0,13,28.561659
-13.0,13,28.563818
-13.0,13,28.566393
-13.0,13,28.568527
-13.0,13,28.570596
-13.0,13,28.572669
-13.0,13,28.575228
-13.0,13,28.577246
-115.0,16,28.580039
-13.0,13,28.725597
-13.0,13,28.72813
-122.0,23,28.732199
-15.0,15,28.734589
-13.0,13,28.736754
-13.0,13,28.739433
-13.0,13,28.741612
-13.0,13,28.7439
-13.0,13,28.746338
-15.0,15,28.748973
-15.0,15,28.751597
-13.0,13,28.753837
-124.0,25,28.757658
-13.0,13,28.760355
-15.0,15,28.762728
-14.0,14,28.765445
-13.0,13,28.767669
-13.0,13,28.770131
-13.0,13,28.917964
-13.0,13,28.920389
-13.0,13,28.922603
-13.0,13,28.925009
-13.0,13,28.92747
-13.0,13,28.929619
-15.0,15,28.931887
-13.0,13,28.934304
-13.0,13,28.936446
-14.0,14,28.938747
-13.0,13,28.941147
-13.0,13,28.943438
-13.0,13,28.945531
-128.0,29,28.950262
-13.0,13,28.95257
-13.0,13,28.954968
-15.0,15,28.957282
-13.0,13,28.959721
-115.0,16,29.097677
-13.0,13,29.099979
-15.0,15,29.102093
-13.0,13,29.104042
-13.0,13,29.106138
-13.0,13,29.10819
-13.0,13,29.110087
-13.0,13,29.112238
-13.0,13,29.11409
-19.0,19,29.117048
-13.0,13,29.118975
-13.0,13,29.120924
-13.0,13,29.123127
-15.0,15,29.125376
-13.0,13,29.127304
-15.0,15,29.129737
-13.0,13,29.131649
-118.0,19,29.134796
-13.0,13,29.281906
-13.0,13,29.284476
-13.0,13,29.286635
-13.0,13,29.288987
-13.0,13,29.291322
-13.0,13,29.293393
-13.0,13,29.295606
-15.0,15,29.298547
-13.0,13,29.300708
-13.0,13,29.302866
-13.0,13,29.305189
-15.0,15,29.30777
-125.0,26,29.312016
-13.0,13,29.314166
-15.0,15,29.316741
-15.0,15,29.319278
-15.0,15,29.321854
-119.0,20,29.469479
-15.0,15,29.471885
-13.0,13,29.474334
-15.0,15,29.477046
-13.0,13,29.479211
-13.0,13,29.481368
-14.0,14,29.484067
-15.0,15,29.486459
-13.0,13,29.488821
-13.0,13,29.49101
-119.0,20,29.494612
-13.0,13,29.496739
-13.0,13,29.499196
-15.0,15,29.501561
-13.0,13,29.503953
-13.0,13,29.50638
-13.0,13,29.508545
-116.0,17,29.511436
-13.0,13,29.659915
-13.0,13,29.662109
-13.0,13,29.664487
-13.0,13,29.666521
-13.0,13,29.668819
-13.0,13,29.670944
-15.0,15,29.673524
-13.0,13,29.675563
-13.0,13,29.678132
-13.0,13,29.680254
-15.0,15,29.682667
-13.0,13,29.684972
-13.0,13,29.6873
-13.0,13,29.689389
-13.0,13,29.691717
-13.0,13,29.693879
-13.0,13,29.696175
-13.0,13,29.698313
-13.0,13,29.700732
-13.0,13,29.702831
-15.0,15,29.850123
-13.0,13,29.852362
-15.0,15,29.854742
-13.0,13,29.857143
-13.0,13,29.859523
-15.0,15,29.861881
-13.0,13,29.864287
-121.0,22,29.867824
-13.0,13,29.870302
-13.0,13,29.872663
-13.0,13,29.874757
-15.0,15,29.877046
-13.0,13,29.879616
-15.0,15,29.882029
-13.0,13,29.884196
-13.0,13,29.886626
-13.0,13,29.889096
-13.0,13,29.891296
-13.0,13,30.042341
-13.0,13,30.044647
-119.0,20,30.048285
-13.0,13,30.050486
-13.0,13,30.052956
-13.0,13,30.055233
-16.0,16,30.058043
-13.0,13,30.060552
-13.0,13,30.062782
-13.0,13,30.065029
-13.0,13,30.067795
-16.0,16,30.070222
-13.0,13,30.072588
-15.0,15,30.074855
-15.0,15,30.077632
-13.0,13,30.079786
-13.0,13,30.08198
-13.0,13,30.0841
-17.0,17,30.238384
-13.0,13,30.240668
-13.0,13,30.243113
-15.0,15,30.245442
-119.0,20,30.248838
-13.0,13,30.251205
-15.0,15,30.253534
-15.0,15,30.256123
-118.0,19,30.259409
-15.0,15,30.262137
-13.0,13,30.264275
-13.0,13,30.266598
-16.0,16,30.269186
-15.0,15,30.271684
-14.0,14,30.273816
-15.0,15,30.276198
-115.0,16,30.278839
-13.0,13,30.436222
-13.0,13,30.438936
-14.0,14,30.441374
-119.0,20,30.445253
-13.0,13,30.447561
-15.0,15,30.450382
-15.0,15,30.452892
-13.0,13,30.456242
-13.0,13,30.458706
-13.0,13,30.461423
-13.0,13,30.464092
-13.0,13,30.466585
-13.0,13,30.468826
-14.0,14,30.471489
-122.0,23,30.475337
-13.0,13,30.477787
-13.0,13,30.480225
-15.0,15,30.482626
-15.0,15,30.63676
-13.0,13,30.639279
-15.0,15,30.641708
-15.0,15,30.644321
-13.0,13,30.646499
-13.0,13,30.648948
-13.0,13,30.651468
-125.0,26,30.655507
-13.0,13,30.657883
-113.0,14,30.660258
-115.0,16,30.662912
-13.0,13,30.665027
-13.0,13,30.667158
-13.0,13,30.66973
-13.0,13,30.671858
-118.0,19,30.674861
-16.0,16,30.677238
-13.0,13,30.827322
-121.0,22,30.831272
-13.0,13,30.833489
-13.0,13,30.835693
-13.0,13,30.83839
-13.0,13,30.840633
-13.0,13,30.842802
-15.0,15,30.845471
-13.0,13,30.847916
-13.0,13,30.850103
-13.0,13,30.852576
-15.0,15,30.854922
-13.0,13,30.857559
-13.0,13,30.859623
-13.0,13,30.861751
-13.0,13,30.863849
-13.0,13,30.866453
-13.0,13,30.868603
-13.0,13,30.870713
-13.0,13,31.020074
-16.0,16,31.022959
-13.0,13,31.025431
-113.0,14,31.027656
-14.0,14,31.029874
-116.0,17,31.033059
-13.0,13,31.035274
-13.0,13,31.037676
-13.0,13,31.039877
-15.0,15,31.042623
-13.0,13,31.045067
-14.0,14,31.047368
-124.0,25,31.051765
-13.0,13,31.054172
-15.0,15,31.056436
-13.0,13,31.058859
-13.0,13,31.060987
-13.0,13,31.06339
-13.0,13,31.209306
-13.0,13,31.211617
-15.0,15,31.214113
-123.0,24,31.218595
-13.0,13,31.220793
-13.0,13,31.223034
-13.0,13,31.225563
-13.0,13,31.228528
-14.0,14,31.230837
-13.0,13,31.233326
-118.0,19,31.236377
-13.0,13,31.238847
-115.0,16,31.241444
-13.0,13,31.243686
-13.0,13,31.245785
-13.0,13,31.248387
-13.0,13,31.251223
-13.0,13,31.253321
-15.0,15,31.392508
-13.0,13,31.394725
-15.0,15,31.397243
-13.0,13,31.399405
-13.0,13,31.401393
-15.0,15,31.404139
-13.0,13,31.406594
-13.0,13,31.408805
-14.0,14,31.410966
-13.0,13,31.413214
-13.0,13,31.415551
-15.0,15,31.417944
-13.0,13,31.419753
-121.0,22,31.423132
-13.0,13,31.424919
-13.0,13,31.426917
-13.0,13,31.4287
-15.0,15,31.431417
-13.0,13,31.567497
-13.0,13,31.569467
-13.0,13,31.571356
-13.0,13,31.57368
-13.0,13,31.575569
-13.0,13,31.577435
-15.0,15,31.579798
-13.0,13,31.581886
-13.0,13,31.583662
-15.0,15,31.586337
-13.0,13,31.588218
-13.0,13,31.590248
-15.0,15,31.592533
-13.0,13,31.594334
-15.0,15,31.596576
-13.0,13,31.598594
-15.0,15,31.600838
-13.0,13,31.602694
-15.0,15,31.737357
-13.0,13,31.739964
-13.0,13,31.742001
-13.0,13,31.743957
-13.0,13,31.746179
-15.0,15,31.748451
-15.0,15,31.75075
-13.0,13,31.752699
-15.0,15,31.754816
-13.0,13,31.757221
-13.0,13,31.759166
-115.0,16,31.761692
-15.0,15,31.763883
-13.0,13,31.766092
-13.0,13,31.768286
-115.0,16,31.770592
-124.0,25,31.774411
-13.0,13,31.776558
-13.0,13,31.915719
-15.0,15,31.918169
-13.0,13,31.920117
-13.0,13,31.922631
-13.0,13,31.924802
-13.0,13,31.926694
-13.0,13,31.928502
-13.0,13,31.930743
-13.0,13,31.932545
-13.0,13,31.934866
-15.0,15,31.937217
-15.0,15,31.939534
-13.0,13,31.941665
-13.0,13,31.943686
-14.0,14,31.945704
-13.0,13,31.948142
-13.0,13,31.950369
-15.0,15,31.952961
-15.0,15,31.95547
-13.0,13,32.091277
-15.0,15,32.093776
-13.0,13,32.095693
-13.0,13,32.097612
-13.0,13,32.099925
-13.0,13,32.101871
-13.0,13,32.103709
-13.0,13,32.105529
-13.0,13,32.107848
-15.0,15,32.109916
-13.0,13,32.112227
-13.0,13,32.114019
-13.0,13,32.115943
-13.0,13,32.117807
-13.0,13,32.1199
-13.0,13,32.121717
-13.0,13,32.123696
-13.0,13,32.125814
-13.0,13,32.127651
-13.0,13,32.296054
-15.0,15,32.298843
-13.0,13,32.300792
-13.0,13,32.3029
-13.0,13,32.305274
-119.0,20,32.308654
-13.0,13,32.310884
-15.0,15,32.313251
-13.0,13,32.31571
-13.0,13,32.318176
-115.0,16,32.32092
-13.0,13,32.323051
-13.0,13,32.325145
-13.0,13,32.327761
-13.0,13,32.329959
-13.0,13,32.332038
-116.0,17,32.334902
-13.0,13,32.337237
-20.0,20,32.478262
-13.0,13,32.480479
-13.0,13,32.482811
-14.0,14,32.485282
-17.0,17,32.488084
-123.0,24,32.492071
-13.0,13,32.494576
-121.0,22,32.498592
-13.0,13,32.500741
-13.0,13,32.502872
-13.0,13,32.505219
-13.0,13,32.5076
-13.0,13,32.509717
-120.0,21,32.513155
-13.0,13,32.515465
-13.0,13,32.517861
-13.0,13,32.519967
-13.0,13,32.655233
-15.0,15,32.657388
-13.0,13,32.659511
-15.0,15,32.661839
-14.0,14,32.663888
-13.0,13,32.665982
-13.0,13,32.668215
-13.0,13,32.670481
-17.0,17,32.672992
-13.0,13,32.674873
-13.0,13,32.676842
-121.0,22,32.680367
-13.0,13,32.682811
-124.0,25,32.686495
-17.0,17,32.689275
-13.0,13,32.691223
-13.0,13,32.693486
-13.0,13,32.827369
-13.0,13,32.829839
-15.0,15,32.832096
-13.0,13,32.83422
-13.0,13,32.83617
-13.0,13,32.838837
-13.0,13,32.841043
-13.0,13,32.843199
-13.0,13,32.846193
-13.0,13,32.848461
-125.0,26,32.855239
-13.0,13,32.857069
-13.0,13,32.858848
-15.0,15,32.861189
-13.0,13,32.862909
-126.0,27,32.866631
-15.0,15,32.868486
-13.0,13,32.870535
-13.0,13,33.017222
-15.0,15,33.019633
-15.0,15,33.022208
-13.0,13,33.024559
-13.0,13,33.026758
-13.0,13,33.029191
-13.0,13,33.0314
-13.0,13,33.033805
-15.0,15,33.036463
-13.0,13,33.039298
-126.0,27,33.044004
-13.0,13,33.046253
-13.0,13,33.048336
-13.0,13,33.050896
-13.0,13,33.053163
-13.0,13,33.055523
-13.0,13,33.057857
-13.0,13,33.059973
-13.0,13,33.205338
-13.0,13,33.207481
-13.0,13,33.209667
-13.0,13,33.211604
-229.0,31,33.216398
-165.0,66,33.227435
-16.0,16,33.229879
-13.0,13,33.232266
-13.0,13,33.234448
-13.0,13,33.236851
-15.0,15,33.239438
-13.0,13,33.241561
-115.0,16,33.244289
-13.0,13,33.382025
-13.0,13,33.384075
-13.0,13,33.386233
-20.0,20,33.388977
-15.0,15,33.391196
-13.0,13,33.393094
-13.0,13,33.395174
-13.0,13,33.397131
-115.0,16,33.39972
-13.0,13,33.401692
-215.0,17,33.404225
-13.0,13,33.406038
-13.0,13,33.407999
-15.0,15,33.410225
-13.0,13,33.412022
-15.0,15,33.413879
-13.0,13,33.416089
-15.0,15,33.418154
-13.0,13,33.55622
-13.0,13,33.558263
-13.0,13,33.560446
-13.0,13,33.562374
-15.0,15,33.564656
-13.0,13,33.566559
-13.0,13,33.568856
-13.0,13,33.570756
-14.0,14,33.572776
-13.0,13,33.575056
-13.0,13,33.577251
-13.0,13,33.579281
-13.0,13,33.581298
-13.0,13,33.583608
-13.0,13,33.58598
-13.0,13,33.588045
-13.0,13,33.590313
-122.0,23,33.593798
-13.0,13,33.596084
-13.0,13,33.738549
-16.0,16,33.740848
-13.0,13,33.742999
-13.0,13,33.745623
-13.0,13,33.747757
-13.0,13,33.749834
-13.0,13,33.752298
-13.0,13,33.75459
-13.0,13,33.756825
-13.0,13,33.759223
-13.0,13,33.761317
-125.0,26,33.765534
-227.0,29,33.770241
-13.0,13,33.772666
-15.0,15,33.77501
-13.0,13,33.777386
-115.0,16,33.780082
-15.0,15,33.930284
-13.0,13,33.932193
-13.0,13,33.934401
-13.0,13,33.936317
-121.0,22,33.939816
-14.0,14,33.941692
-13.0,13,33.943577
-13.0,13,33.945858
-13.0,13,33.947672
-13.0,13,33.949512
-13.0,13,33.951784
-124.0,25,33.955391
-13.0,13,33.957382
-13.0,13,33.959552
-15.0,15,33.961986
-13.0,13,33.964011
-13.0,13,33.966147
-13.0,13,33.968262
-13.0,13,34.119157
-13.0,13,34.121369
-14.0,14,34.123348
-15.0,15,34.125686
-113.0,14,34.127917
-13.0,13,34.129836
-15.0,15,34.132096
-15.0,15,34.134237
-13.0,13,34.136553
-13.0,13,34.138459
-13.0,13,34.140397
-119.0,20,34.143258
-13.0,13,34.145367
-13.0,13,34.147374
-13.0,13,34.149391
-15.0,15,34.151788
-121.0,22,34.155185
-13.0,13,34.295101
-13.0,13,34.297072
-13.0,13,34.299254
-13.0,13,34.301368
-15.0,15,34.30341
-13.0,13,34.305536
-13.0,13,34.307411
-13.0,13,34.309523
-15.0,15,34.311938
-14.0,14,34.313911
-14.0,14,34.316034
-15.0,15,34.318272
-13.0,13,34.320198
-15.0,15,34.32253
-13.0,13,34.32436
-13.0,13,34.326558
-13.0,13,34.32856
-13.0,13,34.330414
-14.0,14,34.332576
-13.0,13,34.467611
-15.0,15,34.469889
-13.0,13,34.472148
-118.0,19,34.475177
-15.0,15,34.477587
-13.0,13,34.479613
-13.0,13,34.481693
-13.0,13,34.483663
-13.0,13,34.485842
-13.0,13,34.487995
-17.0,17,34.49034
-14.0,14,34.492594
-16.0,16,34.494935
-13.0,13,34.497061
-123.0,24,34.500467
-113.0,14,34.502504
-13.0,13,34.50484
-13.0,13,34.638088
-15.0,15,34.640413
-13.0,13,34.642577
-15.0,15,34.644831
-117.0,18,34.647428
-15.0,15,34.649661
-15.0,15,34.651821
-16.0,16,34.654456
-13.0,13,34.656353
-15.0,15,34.658431
-13.0,13,34.660469
-13.0,13,34.662598
-13.0,13,34.664459
-13.0,13,34.666706
-15.0,15,34.668924
-13.0,13,34.671054
-13.0,13,34.673249
-13.0,13,34.675115
-115.0,16,34.806036
-13.0,13,34.808405
-15.0,15,34.810538
-13.0,13,34.812746
-17.0,17,34.815067
-13.0,13,34.817518
-13.0,13,34.819515
-13.0,13,34.821505
-231.0,33,34.826657
-13.0,13,34.829117
-17.0,17,34.831768
-15.0,15,34.833894
-13.0,13,34.835844
-18.0,18,34.838706
-13.0,13,34.840908
-13.0,13,34.842945
-13.0,13,34.844841
