#{"t_start": 1709585798.8537157, "env_id": "FrozenLake-v1"}
r,l,t
0.0,2,0.158192
0.0,2,0.159186
0.0,6,0.166096
0.0,4,0.172094
0.0,9,0.184514
0.0,12,0.192592
0.0,6,0.19819
0.0,9,0.203838
0.0,4,0.207036
0.0,8,0.213219
0.0,30,0.236888
0.0,8,0.242069
0.0,18,0.25672
0.0,2,0.257514
0.0,2,0.25988
0.0,27,0.279525
0.0,18,0.293979
0.0,6,0.297996
0.0,4,0.301432
0.0,8,0.30649
0.0,11,0.317184
0.0,12,0.325801
0.0,2,0.326674
0.0,7,0.333197
0.0,5,0.337042
0.0,40,0.366785
0.0,16,0.378116
0.0,2,0.378947
0.0,8,0.385801
1.0,10,0.393524
0.0,10,0.40126
0.0,9,0.408645
0.0,5,0.412495
0.0,2,0.413363
0.0,2,0.4159
0.0,6,0.420218
0.0,4,0.423553
0.0,2,0.424376
0.0,4,0.427794
0.0,9,0.434821
0.0,4,0.436548
0.0,5,0.440307
0.0,23,0.458366
0.0,6,0.462614
0.0,2,0.46549
0.0,3,0.466759
0.0,11,0.474737
0.0,8,0.481619
0.0,3,0.48465
0.0,7,0.489328
0.0,8,0.495959
0.0,11,0.504699
0.0,15,0.515894
0.0,13,0.524541
0.0,9,0.531773
0.0,3,0.534792
0.0,14,0.54626
0.0,3,0.547546
0.0,10,0.556643
0.0,16,0.569365
0.0,26,0.590432
0.0,5,0.594227
0.0,6,0.598506
0.0,2,0.599321
0.0,5,0.603096
0.0,3,0.60615
0.0,14,0.617221
0.0,5,0.621026
0.0,14,0.630257
0.0,5,0.634169
0.0,3,0.637141
0.0,15,0.648394
1.0,14,0.659685
0.0,6,0.664003
0.0,2,0.664795
0.0,11,0.674353
0.0,20,0.689127
0.0,7,0.693999
0.0,4,0.697308
0.0,4,0.700701
0.0,3,0.702039
1.0,11,0.70998
0.0,11,0.719392
0.0,3,0.720733
0.0,7,0.727343
0.0,17,0.739259
0.0,5,0.743013
0.0,12,0.751373
0.0,6,0.757313
0.0,12,0.765709
0.0,19,0.780058
0.0,11,0.788078
0.0,22,0.803624
0.0,11,0.813822
0.0,6,0.818064
0.0,8,0.823073
0.0,7,0.829318
0.0,2,0.830142
0.0,5,0.833904
0.0,3,0.836858
0.0,7,0.841237
0.0,13,0.852435
0.0,5,0.855983
0.0,10,0.863095
0.0,5,0.867053
0.0,8,0.872531
0.0,4,0.87593
0.0,4,0.879171
0.0,5,0.882734
0.0,10,0.889815
0.0,7,0.894881
0.0,2,0.898015
0.0,5,0.902099
0.0,6,0.906036
0.0,10,0.913291
0.0,8,0.920497
0.0,12,0.928177
0.0,2,0.928881
0.0,3,0.932324
0.0,4,0.93591
0.0,5,0.939583
0.0,26,0.960984
0.0,4,0.964579
0.0,15,0.976399
0.0,11,0.984314
0.0,15,0.995716
0.0,6,0.99993
0.0,6,1.004541
0.0,11,1.014937
0.0,5,1.018666
0.0,4,1.020411
0.0,2,1.022966
0.0,19,1.037781
0.0,5,1.041489
0.0,2,1.042352
0.0,2,1.043175
0.0,14,1.054068
0.0,4,1.057418
0.0,9,1.064553
1.0,12,1.074161
0.0,4,1.077797
0.0,6,1.08192
0.0,6,1.086195
0.0,7,1.092456
0.0,11,1.100322
0.0,7,1.104962
0.0,2,1.107399
0.0,9,1.114522
0.0,9,1.119888
0.0,13,1.131182
0.0,6,1.135422
0.0,4,1.138824
0.0,3,1.141794
0.0,3,1.142998
0.0,5,1.147004
0.0,19,1.162059
0.0,2,1.162851
0.0,6,1.168898
0.0,6,1.173179
0.0,4,1.176617
0.0,3,1.17797
0.0,7,1.184354
0.0,3,1.185647
0.0,6,1.189864
0.0,16,1.203402
0.0,5,1.20762
1.0,14,1.217175
0.0,2,1.21969
0.0,2,1.220511
0.0,7,1.226944
0.0,10,1.23484
0.0,5,1.238624
0.0,5,1.242418
0.0,9,1.247779
0.0,22,1.265428
0.0,7,1.270057
0.0,9,1.277384
0.0,10,1.284979
0.0,10,1.29259
0.0,7,1.297447
0.0,16,1.311105
0.0,27,1.332438
0.0,12,1.341386
0.0,13,1.352069
0.0,29,1.374734
0.0,5,1.378524
0.0,7,1.383148
0.0,15,1.394618
0.0,5,1.398228
0.0,6,1.402697
0.0,2,1.405242
0.0,6,1.409579
0.0,5,1.413464
0.0,2,1.414298
0.0,6,1.420166
0.0,3,1.421399
0.0,13,1.431875
0.0,3,1.433087
0.0,7,1.439292
1.0,9,1.446242
0.0,31,1.469685
0.0,10,1.477017
0.0,12,1.485964
0.0,4,1.489342
0.0,4,1.492741
0.0,9,1.499765
0.0,9,1.504992
0.0,9,1.512097
0.0,4,1.515443
0.0,9,1.522457
0.0,4,1.525793
0.0,6,1.529807
1.0,19,1.544606
0.0,2,1.545438
0.0,19,1.560044
0.0,10,1.567583
0.0,2,1.568424
0.0,13,1.578971
0.0,7,1.583462
0.0,11,1.592068
0.0,10,1.599447
0.0,11,1.608984
0.0,5,1.6128
0.0,10,1.620921
1.0,10,1.628287
0.0,6,1.632603
0.0,2,1.633397
0.0,7,1.639709
0.0,9,1.644993
0.0,8,1.652736
0.0,4,1.656081
0.0,2,1.656866
0.0,8,1.663551
0.0,2,1.664412
0.0,11,1.672371
0.0,6,1.678214
0.0,15,1.689641
0.0,4,1.691333
0.0,20,1.707447
0.0,4,1.711551
0.0,9,1.72049
1.0,20,1.735809
0.0,8,1.742647
0.0,15,1.753868
0.0,11,1.761791
0.0,6,1.766172
0.0,11,1.774271
0.0,14,1.785218
0.0,12,1.793549
0.0,4,1.796918
0.0,10,1.804433
0.0,2,1.807271
0.0,4,1.808994
0.0,13,1.819361
0.0,5,1.823178
0.0,7,1.827745
0.0,12,1.837988
0.0,3,1.839154
0.0,27,1.860547
0.0,5,1.864357
0.0,10,1.871837
0.0,6,1.876058
0.0,4,1.879546
0.0,17,1.890966
0.0,8,1.897875
0.0,4,1.901591
0.0,25,1.91956
0.0,8,1.924243
0.0,12,1.933699
0.0,14,1.942271
0.0,2,1.944715
0.0,3,1.9459
0.0,23,1.963977
0.0,6,1.968225
0.0,2,1.972031
0.0,15,1.990436
0.0,12,2.000894
0.0,10,2.013299
1.0,10,2.023608
0.0,7,2.027801
0.0,4,2.031405
0.0,5,2.035494
0.0,3,2.038211
0.0,11,2.045547
0.0,23,2.062335
0.0,12,2.070014
0.0,5,2.073543
0.0,14,2.084033
1.0,9,2.09067
0.0,9,2.096458
0.0,27,2.12342
0.0,12,2.13228
0.0,12,2.141947
0.0,11,2.149188
0.0,5,2.152697
0.0,9,2.159482
0.0,7,2.163989
0.0,17,2.175893
0.0,7,2.182378
0.0,5,2.186191
0.0,5,2.189822
0.0,7,2.194259
0.0,21,2.209983
0.0,17,2.22358
0.0,17,2.23544
0.0,9,2.242324
0.0,12,2.250369
0.0,8,2.256974
0.0,3,2.259903
0.0,21,2.274833
0.0,18,2.287167
0.0,5,2.290953
0.0,14,2.301665
0.0,6,2.305862
0.0,26,2.326343
0.0,11,2.334238
0.0,12,2.342181
0.0,5,2.3458
0.0,44,2.378356
0.0,18,2.391394
0.0,6,2.3955
0.0,21,2.40979
0.0,52,2.44429
0.0,17,2.45764
0.0,13,2.465942
0.0,19,2.482851
0.0,12,2.49257
0.0,75,2.550025
0.0,35,2.578384
0.0,22,2.595547
0.0,11,2.604352
0.0,18,2.619816
0.0,19,2.636376
0.0,15,2.64878
0.0,37,2.686645
1.0,11,2.693986
0.0,16,2.704691
0.0,40,2.734874
0.0,35,2.759719
0.0,42,2.789466
0.0,15,2.799726
0.0,18,2.811381
0.0,8,2.817526
0.0,13,2.827078
0.0,16,2.837888
1.0,40,2.869027
0.0,10,2.876202
1.0,16,2.887638
1.0,26,2.90625
1.0,14,2.916546
0.0,29,2.936488
0.0,9,2.942805
0.0,34,2.965157
0.0,27,2.984618
0.0,4,2.987794
0.0,23,3.002875
0.0,24,3.019972
0.0,25,3.038691
0.0,12,3.046413
1.0,71,3.098732
1.0,21,3.112777
1.0,27,3.131229
0.0,39,3.158441
1.0,20,3.172159
0.0,16,3.182664
0.0,2,3.185
1.0,38,3.213046
1.0,16,3.225024
0.0,27,3.245349
0.0,15,3.25632
0.0,7,3.26083
0.0,23,3.278906
0.0,100,3.351543
0.0,16,3.362828
0.0,24,3.379547
0.0,13,3.388667
1.0,39,3.417673
0.0,70,3.504171
0.0,9,3.517406
0.0,22,3.538197
0.0,5,3.542578
0.0,100,3.647439
0.0,13,3.66499
0.0,18,3.683458
1.0,10,3.693716
0.0,34,3.739541
0.0,100,3.826358
1.0,30,3.847822
0.0,18,3.860971
1.0,10,3.867591
1.0,12,3.875442
1.0,76,3.934101
1.0,53,3.970951
1.0,12,3.980179
1.0,10,3.987216
0.0,46,4.023659
0.0,21,4.042003
0.0,27,4.062192
1.0,35,4.088744
0.0,64,4.138906
0.0,19,4.16196
0.0,24,4.181825
0.0,7,4.186254
0.0,27,4.212568
1.0,95,4.284184
0.0,13,4.292756
0.0,100,4.367983
0.0,100,4.441263
1.0,11,4.457114
1.0,36,4.502948
1.0,91,4.570691
0.0,60,4.618236
1.0,47,4.651613
1.0,28,4.673848
0.0,17,4.686152
0.0,8,4.693443
0.0,47,4.756914
1.0,87,4.827404
0.0,15,4.837761
1.0,52,4.873193
1.0,66,4.928937
0.0,12,4.938019
1.0,17,4.949522
1.0,64,4.992791
0.0,100,5.082914
0.0,23,5.097677
1.0,35,5.122796
1.0,56,5.162665
1.0,13,5.170796
0.0,30,5.192443
0.0,17,5.205042
1.0,20,5.218781
0.0,63,5.26112
1.0,35,5.287318
1.0,8,5.293893
1.0,22,5.310394
0.0,36,5.335064
0.0,100,5.402674
1.0,34,5.427485
0.0,12,5.436474
1.0,11,5.443659
1.0,21,5.457525
1.0,85,5.518484
1.0,22,5.540375
1.0,25,5.557993
1.0,16,5.57021
1.0,51,5.605505
1.0,13,5.613334
1.0,24,5.631955
1.0,24,5.650301
0.0,100,5.719798
1.0,17,5.731019
1.0,14,5.741404
1.0,45,5.773888
0.0,100,5.842678
1.0,43,5.874719
1.0,18,5.886759
1.0,70,5.934746
0.0,100,6.007531
0.0,85,6.067011
0.0,37,6.095994
1.0,16,6.107316
1.0,35,6.135537
0.0,80,6.191872
1.0,65,6.236726
1.0,16,6.247772
1.0,41,6.275547
0.0,66,6.323915
0.0,20,6.337934
0.0,29,6.358522
0.0,19,6.372761
1.0,27,6.392044
1.0,16,6.402671
1.0,46,6.434335
0.0,12,6.441825
0.0,18,6.454726
0.0,23,6.471128
1.0,20,6.484545
0.0,100,6.551612
1.0,36,6.575769
0.0,14,6.585486
1.0,26,6.602691
1.0,23,6.617167
0.0,39,6.643829
1.0,21,6.657813
1.0,25,6.674678
1.0,38,6.703564
1.0,11,6.710884
0.0,100,6.783668
1.0,52,6.820238
1.0,12,6.827823
1.0,25,6.84493
1.0,37,6.869409
1.0,96,6.936909
1.0,19,6.948806
1.0,39,6.975555
0.0,19,6.988652
1.0,37,7.013179
1.0,26,7.033245
1.0,33,7.056794
1.0,16,7.068496
1.0,79,7.123937
1.0,43,7.15498
0.0,100,7.222635
0.0,13,7.230665
1.0,63,7.273541
1.0,30,7.294755
0.0,100,7.36464
1.0,41,7.395024
1.0,78,7.449351
1.0,45,7.480146
0.0,41,7.507779
0.0,24,7.525171
1.0,36,7.5495
0.0,18,7.56215
0.0,21,7.57573
0.0,100,7.643217
1.0,47,7.675234
1.0,41,7.702871
1.0,12,7.712653
0.0,100,7.783732
1.0,60,7.824272
1.0,59,7.864248
1.0,31,7.884555
0.0,30,7.905738
0.0,16,7.916398
1.0,23,7.933057
1.0,11,7.94022
1.0,14,7.950164
1.0,13,7.958143
0.0,26,7.976114
1.0,39,8.002963
1.0,17,8.015383
0.0,67,8.061458
1.0,28,8.081744
1.0,23,8.101375
1.0,21,8.115627
1.0,29,8.135673
1.0,36,8.159815
1.0,35,8.186703
0.0,20,8.207489
1.0,37,8.233647
1.0,57,8.270955
1.0,38,8.295596
0.0,30,8.314634
1.0,68,8.357363
0.0,18,8.369609
1.0,26,8.385885
1.0,34,8.40757
1.0,45,8.439864
1.0,27,8.457515
1.0,50,8.492589
1.0,9,8.499299
1.0,67,8.545928
1.0,17,8.557034
0.0,20,8.570673
1.0,92,8.632957
1.0,26,8.651811
1.0,56,8.692721
1.0,38,8.718002
0.0,24,8.73463
1.0,47,8.767791
1.0,32,8.789818
1.0,16,8.800434
1.0,32,8.823317
0.0,14,8.831583
1.0,32,8.85498
1.0,48,8.885788
1.0,15,8.895286
1.0,54,8.932411
1.0,58,8.973531
1.0,37,8.998124
1.0,42,9.029067
1.0,24,9.044122
1.0,23,9.060414
1.0,68,9.10747
1.0,41,9.13787
0.0,66,9.185794
1.0,39,9.215407
0.0,28,9.234154
1.0,30,9.255239
1.0,14,9.265512
0.0,38,9.29302
1.0,20,9.307214
0.0,72,9.358666
1.0,77,9.415361
0.0,100,9.488281
0.0,27,9.507052
1.0,20,9.521861
1.0,17,9.533154
1.0,21,9.549517
0.0,17,9.561071
1.0,76,9.614033
1.0,16,9.625131
1.0,59,9.665463
1.0,41,9.694772
1.0,32,9.717594
0.0,9,9.725024
0.0,29,9.74442
1.0,72,9.795403
1.0,60,9.839422
1.0,17,9.852263
1.0,45,9.885721
1.0,10,9.892892
1.0,52,9.9318
0.0,100,10.002853
1.0,50,10.038098
1.0,24,10.053846
1.0,94,10.127534
1.0,12,10.136974
1.0,17,10.149421
1.0,27,10.167403
0.0,100,10.236763
1.0,46,10.269709
1.0,27,10.287387
1.0,11,10.294364
1.0,55,10.332156
1.0,40,10.359346
1.0,34,10.382722
1.0,55,10.420633
1.0,80,10.477279
1.0,18,10.490676
1.0,22,10.50615
1.0,16,10.517252
0.0,47,10.55835
1.0,22,10.582647
1.0,74,10.64098
1.0,53,10.682008
1.0,24,10.699714
1.0,21,10.713541
1.0,44,10.743515
1.0,78,10.797611
1.0,28,10.815887
0.0,69,10.863862
1.0,76,10.915533
1.0,73,10.969815
1.0,18,10.982939
1.0,12,10.990396
1.0,76,11.046394
1.0,33,11.070841
0.0,100,11.141721
1.0,40,11.168936
1.0,16,11.17933
1.0,11,11.186512
0.0,23,11.20279
1.0,14,11.212574
0.0,26,11.230429
1.0,12,11.23795
1.0,47,11.271258
1.0,10,11.280008
1.0,52,11.318344
1.0,14,11.328269
1.0,96,11.395
0.0,100,11.463087
1.0,11,11.470751
1.0,14,11.48076
0.0,100,11.54853
1.0,14,11.558645
1.0,13,11.566479
0.0,67,11.614378
1.0,69,11.664898
1.0,16,11.675354
1.0,24,11.691912
1.0,53,11.7275
1.0,64,11.771479
1.0,17,11.782248
0.0,24,11.799104
1.0,28,11.818521
1.0,33,11.840199
1.0,37,11.866797
1.0,65,11.910729
1.0,23,11.925509
0.0,58,11.96645
1.0,35,11.995007
1.0,19,12.008137
1.0,24,12.024978
1.0,39,12.051423
0.0,32,12.074112
1.0,23,12.088712
1.0,49,12.122411
1.0,10,12.129364
1.0,36,12.153585
1.0,23,12.170345
0.0,88,12.231905
1.0,42,12.260621
1.0,36,12.284612
1.0,22,12.300378
0.0,48,12.333439
0.0,22,12.34928
0.0,25,12.366051
1.0,75,12.416754
0.0,62,12.458227
1.0,27,12.475712
0.0,24,12.492464
1.0,67,12.539453
1.0,11,12.546566
1.0,14,12.556567
1.0,11,12.563807
0.0,57,12.600944
1.0,35,12.623545
1.0,62,12.666838
1.0,61,12.709716
1.0,21,12.724235
0.0,100,12.791906
1.0,66,12.836322
1.0,23,12.852773
0.0,30,12.873155
1.0,21,12.886953
1.0,21,12.901506
0.0,29,12.921481
1.0,99,12.993392
1.0,76,13.058972
0.0,94,13.127493
1.0,73,13.176115
1.0,27,13.195347
1.0,57,13.234315
1.0,80,13.289483
1.0,37,13.318217
1.0,24,13.333284
0.0,100,13.407004
1.0,71,13.457628
1.0,22,13.471895
0.0,70,13.520853
1.0,45,13.553008
1.0,28,13.573198
1.0,26,13.591373
1.0,77,13.645944
1.0,25,13.663786
1.0,39,13.694351
0.0,22,13.710633
1.0,20,13.727804
1.0,92,13.818772
1.0,86,13.879577
1.0,11,13.887711
1.0,14,13.897657
1.0,8,13.90393
0.0,14,13.912125
1.0,33,13.93629
1.0,8,13.942538
1.0,46,13.975744
1.0,46,14.006943
1.0,17,14.018202
0.0,55,14.055837
1.0,21,14.072366
1.0,12,14.080328
0.0,100,14.152314
1.0,72,14.203753
1.0,29,14.2288
1.0,45,14.260371
0.0,32,14.283644
0.0,20,14.297833
1.0,43,14.32717
1.0,7,14.332919
1.0,40,14.360806
1.0,17,14.371982
1.0,18,14.385066
1.0,93,14.450205
1.0,24,14.468261
1.0,48,14.504536
1.0,29,14.524647
1.0,30,14.546585
1.0,18,14.559971
1.0,13,14.569881
1.0,78,14.624467
0.0,35,14.649995
0.0,100,14.722279
1.0,64,14.769785
1.0,14,14.780055
1.0,24,14.797514
0.0,24,14.813315
1.0,23,14.830834
1.0,18,14.845862
1.0,54,14.883405
1.0,54,14.92335
1.0,52,14.961929
0.0,42,14.992087
0.0,15,15.002655
1.0,18,15.016391
0.0,37,15.042817
0.0,59,15.085939
1.0,36,15.11162
1.0,33,15.136624
0.0,55,15.176919
1.0,39,15.206839
1.0,67,15.255729
1.0,34,15.280016
1.0,48,15.312753
1.0,48,15.346052
0.0,100,15.418018
1.0,38,15.444248
1.0,26,15.465453
1.0,23,15.48032
0.0,100,15.550462
0.0,98,15.620821
1.0,33,15.642606
1.0,36,15.670306
0.0,44,15.700411
1.0,34,15.72497
0.0,100,15.796898
1.0,8,15.803173
1.0,79,15.859313
1.0,25,15.877263
1.0,71,15.929241
0.0,7,15.933468
1.0,32,15.957835
1.0,45,15.989897
0.0,6,15.993968
1.0,100,16.063685
0.0,21,16.078062
0.0,60,16.119025
0.0,40,16.147023
0.0,21,16.162194
0.0,15,16.172791
1.0,39,16.199665
1.0,27,16.217266
1.0,73,16.268988
0.0,21,16.283298
0.0,100,16.351751
0.0,40,16.379544
0.0,74,16.43875
1.0,10,16.445428
1.0,68,16.492756
1.0,30,16.513069
0.0,18,16.524257
1.0,30,16.544563
1.0,17,16.558889
1.0,39,16.585337
1.0,45,16.616637
0.0,8,16.624449
1.0,73,16.674582
0.0,60,16.716086
0.0,39,16.74133
1.0,11,16.750183
0.0,47,16.782901
0.0,24,16.799849
0.0,8,16.804417
1.0,18,16.81784
1.0,79,16.873645
0.0,95,16.940757
1.0,34,16.965173
0.0,100,17.036978
1.0,23,17.052057
1.0,18,17.06495
1.0,19,17.078799
1.0,41,17.10472
1.0,15,17.114404
1.0,9,17.120478
0.0,92,17.182947
1.0,9,17.18938
1.0,61,17.231446
1.0,20,17.244841
1.0,42,17.273327
1.0,34,17.296922
0.0,18,17.310298
1.0,67,17.356647
1.0,19,17.371178
1.0,43,17.401772
1.0,29,17.4207
1.0,21,17.436803
1.0,26,17.454459
1.0,33,17.475932
1.0,77,17.529807
0.0,43,17.557977
1.0,67,17.603382
0.0,100,17.677074
1.0,45,17.711264
1.0,17,17.723017
1.0,79,17.778788
1.0,32,17.799859
1.0,46,17.832588
1.0,17,17.845871
1.0,47,17.878453
1.0,14,17.888424
1.0,10,17.895223
1.0,81,17.950001
0.0,11,17.959436
1.0,20,17.973052
1.0,35,17.998152
1.0,19,18.010832
0.0,100,18.081389
1.0,27,18.100832
0.0,100,18.169878
0.0,100,18.239473
1.0,33,18.263073
1.0,82,18.32129
1.0,8,18.325742
0.0,30,18.346069
0.0,49,18.382857
1.0,19,18.396103
1.0,21,18.41068
1.0,58,18.452557
1.0,67,18.500075
1.0,10,18.506963
1.0,47,18.54018
1.0,29,18.561798
1.0,23,18.580029
0.0,22,18.603201
0.0,100,18.696297
0.0,61,18.758806
1.0,9,18.764268
1.0,36,18.793479
1.0,30,18.815619
0.0,39,18.84087
1.0,40,18.869099
1.0,36,18.894683
1.0,48,18.926183
1.0,20,18.940421
1.0,69,18.988796
1.0,21,19.002518
1.0,30,19.023124
1.0,16,19.033796
0.0,100,19.103897
1.0,65,19.155195
1.0,27,19.176912
1.0,11,19.185045
1.0,67,19.230808
1.0,25,19.248416
0.0,15,19.259128
1.0,100,19.331437
1.0,55,19.3704
1.0,38,19.399992
1.0,19,19.413915
1.0,26,19.431574
1.0,24,19.449456
1.0,55,19.498617
1.0,22,19.51357
1.0,19,19.52726
1.0,15,19.5382
1.0,34,19.561595
0.0,33,19.583325
0.0,17,19.595778
0.0,22,19.610087
1.0,28,19.629974
1.0,35,19.653596
0.0,40,19.68323
1.0,29,19.70356
0.0,100,19.771486
1.0,55,19.811702
1.0,18,19.824136
1.0,95,19.892279
1.0,13,19.903234
1.0,83,19.958592
1.0,21,19.97406
1.0,30,19.994417
1.0,10,20.001122
1.0,84,20.056471
1.0,14,20.066679
1.0,55,20.103635
0.0,14,20.11328
0.0,17,20.124135
1.0,36,20.150142
1.0,51,20.185103
1.0,41,20.214394
1.0,30,20.234932
1.0,41,20.26102
0.0,30,20.282097
1.0,16,20.293367
1.0,43,20.323061
1.0,34,20.34615
1.0,15,20.356522
0.0,36,20.380356
1.0,23,20.396753
1.0,65,20.440351
0.0,52,20.475203
1.0,27,20.492853
1.0,27,20.512034
1.0,33,20.535895
1.0,39,20.56515
1.0,39,20.591749
1.0,23,20.607906
1.0,63,20.650053
1.0,33,20.674124
1.0,69,20.726982
1.0,15,20.737881
1.0,27,20.755843
1.0,24,20.772414
1.0,68,20.817587
1.0,48,20.852382
1.0,14,20.862189
1.0,9,20.868916
1.0,43,20.898825
1.0,27,20.918833
0.0,25,20.935694
1.0,12,20.943072
1.0,25,20.959701
1.0,11,20.967412
1.0,16,20.977817
1.0,22,20.993724
0.0,100,21.06315
1.0,97,21.128775
1.0,72,21.183634
0.0,15,21.19446
0.0,29,21.213155
1.0,11,21.222135
0.0,15,21.233348
1.0,52,21.271123
0.0,76,21.325101
0.0,100,21.39516
0.0,100,21.466686
0.0,13,21.476582
1.0,37,21.502121
1.0,12,21.51142
0.0,100,21.580971
1.0,24,21.598578
1.0,29,21.618612
1.0,26,21.637036
1.0,83,21.695281
0.0,58,21.736037
0.0,100,21.80655
1.0,50,21.841945
1.0,69,21.912192
0.0,27,21.936776
1.0,44,21.970081
1.0,37,21.997015
0.0,53,22.035448
1.0,33,22.057187
1.0,13,22.067226
1.0,14,22.077292
0.0,100,22.145998
0.0,49,22.178212
1.0,85,22.236563
1.0,79,22.29227
1.0,45,22.324602
0.0,39,22.352847
1.0,19,22.366958
0.0,35,22.390881
1.0,16,22.401696
0.0,100,22.471319
0.0,60,22.512834
0.0,75,22.571643
0.0,40,22.605355
1.0,81,22.662315
1.0,6,22.666395
1.0,93,22.735066
1.0,34,22.760285
1.0,20,22.774649
1.0,41,22.803862
1.0,59,22.845267
0.0,65,22.891296
1.0,33,22.912851
1.0,14,22.922618
1.0,50,22.957497
1.0,21,22.971396
0.0,100,23.041168
1.0,9,23.049077
0.0,100,23.114577
1.0,18,23.126412
1.0,58,23.163697
1.0,37,23.192769
1.0,21,23.209745
1.0,17,23.222902
1.0,71,23.276025
0.0,71,23.323874
0.0,37,23.348714
1.0,56,23.386424
1.0,20,23.403636
1.0,30,23.424315
1.0,33,23.448353
1.0,19,23.46468
1.0,35,23.488943
0.0,29,23.508942
1.0,34,23.53105
1.0,8,23.537206
1.0,19,23.55076
1.0,80,23.611307
0.0,57,23.650257
1.0,12,23.659522
1.0,55,23.698823
1.0,28,23.716917
1.0,35,23.740803
0.0,35,23.783408
0.0,36,23.812608
1.0,68,23.859358
0.0,20,23.875036
1.0,41,23.903589
1.0,31,23.924185
1.0,15,23.93449
1.0,37,23.960525
1.0,16,23.971228
1.0,38,23.998803
0.0,18,24.013384
1.0,39,24.040464
1.0,35,24.063957
1.0,21,24.079301
1.0,9,24.085949
1.0,22,24.101262
1.0,67,24.1542
1.0,47,24.195799
1.0,37,24.225985
1.0,87,24.284405
0.0,100,24.353056
1.0,72,24.40131
1.0,88,24.462341
1.0,34,24.487512
0.0,61,24.529075
1.0,25,24.546002
1.0,87,24.605995
1.0,15,24.616105
1.0,61,24.659453
1.0,11,24.666491
1.0,54,24.705622
1.0,6,24.709458
1.0,33,24.731033
1.0,30,24.751495
1.0,27,24.771236
1.0,43,24.79962
0.0,28,24.819519
1.0,53,24.86197
1.0,19,24.873412
0.0,52,24.913358
1.0,18,24.924665
1.0,42,24.955092
1.0,17,24.96718
1.0,25,24.984646
0.0,20,24.998006
1.0,33,25.020922
1.0,17,25.032061
1.0,28,25.052447
0.0,100,25.126688
1.0,41,25.15518
0.0,50,25.19038
1.0,30,25.213028
1.0,50,25.247302
1.0,37,25.271686
0.0,48,25.305669
1.0,23,25.322062
1.0,18,25.333435
1.0,74,25.383403
1.0,42,25.412552
1.0,18,25.428598
1.0,18,25.441712
0.0,51,25.477971
1.0,30,25.497155
1.0,57,25.535764
1.0,56,25.583788
1.0,42,25.613057
1.0,15,25.62346
0.0,62,25.665014
1.0,72,25.715533
1.0,25,25.732319
0.0,13,25.740243
1.0,43,25.769898
1.0,65,25.813766
0.0,43,25.842141
0.0,11,25.850801
1.0,30,25.870893
1.0,36,25.899134
0.0,20,25.913452
0.0,76,25.964692
0.0,34,25.987841
1.0,53,26.023275
1.0,12,26.032535
0.0,72,26.08059
0.0,13,26.090085
1.0,67,26.134866
1.0,22,26.150391
1.0,24,26.165327
0.0,100,26.24134
0.0,100,26.311292
1.0,15,26.321454
1.0,26,26.340214
0.0,20,26.353699
1.0,35,26.377431
0.0,16,26.388229
1.0,32,26.409117
1.0,43,26.43866
1.0,17,26.449371
0.0,85,26.50722
1.0,42,26.536706
1.0,12,26.544266
0.0,67,26.591445
1.0,43,26.62192
1.0,65,26.666813
0.0,100,26.734788
1.0,18,26.747746
1.0,42,26.777607
1.0,34,26.801126
1.0,68,26.846739
0.0,23,26.863115
1.0,63,26.907983
1.0,8,26.912871
0.0,37,26.940874
0.0,20,26.955027
1.0,71,27.004303
1.0,33,27.026464
0.0,100,27.09458
0.0,41,27.123727
0.0,53,27.159147
1.0,19,27.172559
1.0,73,27.225172
1.0,25,27.243022
1.0,24,27.258051
1.0,44,27.292744
1.0,22,27.309246
0.0,100,27.378597
1.0,15,27.389332
1.0,75,27.439793
1.0,15,27.45036
1.0,16,27.460865
0.0,24,27.477503
1.0,49,27.509464
1.0,22,27.525804
1.0,55,27.562008
0.0,23,27.57575
0.0,78,27.633286
0.0,21,27.646646
0.0,100,27.712926
1.0,33,27.736152
0.0,100,27.80397
1.0,21,27.817825
0.0,23,27.834632
1.0,35,27.858101
1.0,22,27.872613
1.0,52,27.907122
0.0,26,27.927879
0.0,53,27.963665
1.0,17,27.977708
1.0,20,27.991565
1.0,22,28.00605
1.0,66,28.051907
0.0,100,28.121011
0.0,13,28.130738
1.0,43,28.159151
1.0,52,28.197073
0.0,100,28.265091
0.0,88,28.326124
0.0,43,28.356742
1.0,25,28.373987
1.0,37,28.399299
1.0,8,28.405446
1.0,33,28.428632
0.0,26,28.446472
1.0,47,28.478253
1.0,38,28.504795
0.0,51,28.539096
0.0,16,28.55009
1.0,36,28.574409
0.0,17,28.58727
0.0,13,28.595239
1.0,27,28.614463
1.0,9,28.620861
0.0,100,28.693188
1.0,12,28.702033
0.0,100,28.770576
1.0,13,28.78062
1.0,16,28.791362
1.0,10,28.798852
0.0,100,28.866643
1.0,27,28.885195
1.0,43,28.915092
1.0,7,28.919195
1.0,46,28.951077
1.0,16,28.963311
1.0,28,28.98206
1.0,21,28.995956
0.0,13,29.006181
1.0,12,29.015847
1.0,12,29.025512
1.0,95,29.090501
0.0,20,29.104034
0.0,100,29.172427
1.0,14,29.183613
0.0,50,29.226067
0.0,51,29.266919
1.0,18,29.278259
1.0,68,29.325589
0.0,27,29.343168
1.0,25,29.361328
0.0,33,29.387549
0.0,21,29.40154
1.0,15,29.411738
1.0,40,29.439806
1.0,29,29.460045
1.0,44,29.491169
1.0,19,29.506033
1.0,83,29.562681
1.0,21,29.576376
1.0,47,29.610328
0.0,100,29.679154
0.0,6,29.68315
0.0,100,29.760652
1.0,15,29.771839
0.0,20,29.78525
0.0,22,29.799975
1.0,20,29.814489
1.0,15,29.824563
1.0,59,29.868514
1.0,45,29.901132
1.0,6,29.904857
0.0,100,29.97626
0.0,55,30.014016
0.0,54,30.050952
1.0,13,30.061402
1.0,13,30.069523
0.0,28,30.101839
0.0,70,30.156438
0.0,11,30.16349
0.0,36,30.188246
1.0,58,30.229789
1.0,30,30.250484
0.0,100,30.320131
1.0,33,30.343426
1.0,32,30.364282
1.0,27,30.382252
1.0,31,30.405519
1.0,26,30.423279
0.0,57,30.465317
1.0,54,30.503835
1.0,92,30.565699
0.0,69,30.614333
1.0,16,30.624939
1.0,67,30.670421
1.0,12,30.677598
1.0,37,30.702198
1.0,62,30.742428
1.0,14,30.752215
1.0,43,30.780859
1.0,30,30.812032
1.0,21,30.82809
1.0,17,30.839186
1.0,15,30.849126
0.0,25,30.864955
1.0,45,30.894788
0.0,13,30.904119
0.0,11,30.911455
0.0,100,30.980998
1.0,18,30.992208
0.0,93,31.05942
0.0,21,31.074948
1.0,11,31.083004
1.0,40,31.10993
1.0,30,31.130727
0.0,14,31.140774
1.0,85,31.22369
1.0,18,31.23653
1.0,69,31.286318
1.0,18,31.298085
1.0,37,31.323554
0.0,100,31.389934
1.0,46,31.420313
1.0,43,31.448912
1.0,22,31.464708
0.0,100,31.53557
1.0,49,31.568967
0.0,23,31.583623
0.0,87,31.644134
1.0,35,31.668487
1.0,73,31.718821
1.0,81,31.77414
1.0,11,31.783113
1.0,37,31.810386
1.0,58,31.851239
1.0,47,31.885139
1.0,49,31.919873
1.0,39,31.946475
1.0,22,31.960677
0.0,100,32.029196
1.0,38,32.056044
0.0,13,32.063959
1.0,59,32.105269
1.0,12,32.112752
1.0,44,32.142997
1.0,66,32.190594
1.0,63,32.23647
0.0,100,32.304487
1.0,15,32.314507
0.0,16,32.324971
1.0,33,32.348937
1.0,65,32.393992
0.0,26,32.412055
0.0,100,32.48006
1.0,40,32.507213
1.0,54,32.554229
0.0,64,32.600675
1.0,21,32.614644
1.0,39,32.641219
1.0,11,32.648425
1.0,42,32.675791
1.0,10,32.682612
1.0,38,32.708819
1.0,26,32.726382
1.0,16,32.736715
1.0,20,32.750156
0.0,28,32.769934
0.0,11,32.777046
1.0,53,32.813978
1.0,50,32.851702
1.0,92,32.918566
1.0,11,32.926355
1.0,81,32.991812
1.0,35,33.016814
1.0,11,33.025389
0.0,100,33.092579
1.0,66,33.139896
1.0,29,33.160808
1.0,6,33.164559
0.0,49,33.199027
1.0,52,33.242582
1.0,8,33.249031
1.0,27,33.267498
0.0,82,33.337974
1.0,10,33.345026
0.0,30,33.365303
1.0,47,33.399371
0.0,24,33.415704
1.0,12,33.422651
1.0,10,33.429041
1.0,20,33.441772
0.0,16,33.453424
1.0,40,33.480429
1.0,19,33.493713
0.0,89,33.556223
0.0,36,33.579751
1.0,25,33.597887
1.0,24,33.613644
0.0,32,33.63484
1.0,92,33.701333
1.0,82,33.757013
1.0,20,33.770517
1.0,92,33.83319
0.0,48,33.874125
1.0,14,33.884073
0.0,12,33.891423
1.0,55,33.928973
1.0,13,33.93923
1.0,35,33.963689
1.0,15,33.973924
1.0,22,33.990501
1.0,18,34.006507
1.0,46,34.039292
1.0,49,34.072839
0.0,38,34.097195
1.0,32,34.12196
1.0,49,34.157321
0.0,100,34.227091
1.0,41,34.255603
1.0,18,34.266955
1.0,42,34.296896
0.0,25,34.314506
1.0,19,34.327833
0.0,100,34.398404
1.0,53,34.433655
1.0,23,34.449822
1.0,20,34.463654
1.0,85,34.5218
1.0,37,34.547164
0.0,18,34.5602
0.0,100,34.62955
1.0,14,34.639519
1.0,14,34.647631
1.0,28,34.66702
0.0,49,34.703264
1.0,18,34.714771
0.0,18,34.728417
1.0,26,34.746834
1.0,62,34.790065
1.0,24,34.80608
0.0,26,34.825471
1.0,11,34.832733
0.0,100,34.89986
0.0,10,34.906616
0.0,100,34.975246
1.0,31,34.99663
1.0,37,35.021971
1.0,20,35.036164
1.0,43,35.067717
1.0,17,35.078551
0.0,59,35.119995
1.0,47,35.153793
1.0,36,35.178465
1.0,36,35.203432
1.0,33,35.22692
0.0,25,35.244177
1.0,43,35.273119
1.0,61,35.317077
1.0,51,35.353868
0.0,14,35.362239
0.0,48,35.39779
1.0,62,35.441242
0.0,54,35.478735
0.0,38,35.505891
0.0,32,35.527479
1.0,43,35.558681
1.0,63,35.60346
0.0,11,35.61335
0.0,77,35.666047
1.0,87,35.724875
1.0,23,35.7427
0.0,31,35.7647
1.0,12,35.774118
1.0,52,35.810064
1.0,34,35.834201
1.0,13,35.842082
1.0,16,35.854338
1.0,28,35.872872
1.0,17,35.885768
1.0,17,35.897159
1.0,33,35.920958
0.0,55,35.958963
1.0,26,35.976258
1.0,12,35.98388
1.0,42,36.013714
1.0,19,36.026101
1.0,25,36.043588
1.0,18,36.056649
1.0,11,36.063848
1.0,64,36.10995
0.0,12,36.117523
1.0,10,36.125066
0.0,88,36.187183
0.0,100,36.25549
1.0,18,36.268661
1.0,84,36.325367
1.0,17,36.338009
1.0,23,36.352839
1.0,68,36.399499
1.0,20,36.413028
1.0,36,36.439427
1.0,15,36.450078
1.0,14,36.46023
1.0,48,36.49374
1.0,31,36.514582
1.0,26,36.531959
1.0,31,36.552738
0.0,53,36.590252
1.0,40,36.617629
1.0,35,36.641286
1.0,30,36.661469
1.0,17,36.672318
1.0,32,36.695171
0.0,31,36.715892
1.0,18,36.726824
1.0,18,36.739793
0.0,100,36.809838
1.0,51,36.8445
0.0,11,36.851996
1.0,14,36.862005
1.0,11,36.869106
1.0,15,36.879433
1.0,19,36.893459
1.0,92,36.957044
0.0,12,36.9646
0.0,100,37.032783
0.0,37,37.057783
0.0,37,37.083755
1.0,42,37.111544
1.0,91,37.175725
0.0,8,37.181901
1.0,22,37.196628
1.0,31,37.21905
1.0,25,37.236182
1.0,9,37.240958
0.0,13,37.25078
1.0,33,37.274024
1.0,63,37.317708
1.0,52,37.35463
1.0,52,37.38953
1.0,10,37.396457
1.0,32,37.417939
0.0,20,37.431409
1.0,42,37.462983
1.0,26,37.482215
0.0,22,37.497495
1.0,39,37.525071
1.0,10,37.533209
1.0,86,37.592162
0.0,19,37.605213
1.0,18,37.618332
1.0,57,37.656107
0.0,75,37.707245
0.0,12,37.716488
0.0,100,37.784432
1.0,13,37.792475
1.0,12,37.8016
1.0,47,37.854027
0.0,32,37.876724
1.0,66,37.922959
1.0,33,37.944589
1.0,18,37.957487
1.0,89,38.018471
1.0,30,38.038915
1.0,76,38.089569
1.0,67,38.134424
1.0,76,38.190665
1.0,39,38.218317
1.0,53,38.256921
1.0,46,38.289207
0.0,100,38.371128
1.0,8,38.377315
1.0,23,38.391827
0.0,37,38.417675
1.0,71,38.465228
1.0,60,38.50594
1.0,34,38.529434
1.0,34,38.553919
0.0,100,38.622158
1.0,91,38.684886
1.0,20,38.69939
1.0,55,38.736691
1.0,82,38.791423
0.0,69,38.839324
1.0,56,38.877655
1.0,58,38.927111
0.0,100,39.004616
0.0,100,39.074066
1.0,27,39.091231
0.0,96,39.153927
1.0,29,39.174242
1.0,32,39.195577
1.0,22,39.211551
1.0,56,39.251082
1.0,71,39.301599
1.0,20,39.316413
0.0,16,39.330045
1.0,43,39.360002
0.0,43,39.390668
1.0,58,39.429172
1.0,16,39.439511
1.0,41,39.469366
1.0,22,39.483677
0.0,100,39.551898
1.0,9,39.55843
1.0,19,39.571722
0.0,14,39.58
0.0,25,39.600073
1.0,14,39.610482
1.0,50,39.649451
1.0,29,39.669568
1.0,87,39.729176
1.0,79,39.784312
1.0,62,39.827386
1.0,19,39.838644
1.0,66,39.886366
0.0,45,39.917772
1.0,29,39.936071
0.0,100,40.007403
1.0,6,40.012775
0.0,91,40.073716
0.0,66,40.118939
0.0,54,40.155857
0.0,18,40.167312
1.0,11,40.175932
1.0,43,40.203875
0.0,100,40.271822
1.0,25,40.289522
0.0,60,40.331482
1.0,74,40.382938
1.0,40,40.410354
1.0,28,40.430527
1.0,15,40.440637
1.0,18,40.451787
1.0,17,40.464483
0.0,31,40.484981
1.0,94,40.549664
0.0,100,40.618437
0.0,45,40.651628
1.0,24,40.666817
1.0,30,40.687172
1.0,31,40.708943
1.0,31,40.729984
1.0,9,40.736345
0.0,75,40.789412
1.0,9,40.794158
1.0,60,40.834785
0.0,100,40.903907
1.0,36,40.931471
0.0,35,40.959752
0.0,10,40.96778
1.0,39,41.000071
1.0,20,41.014752
1.0,79,41.073014
1.0,33,41.095717
0.0,61,41.136626
1.0,45,41.16817
1.0,76,41.219366
0.0,16,41.230539
0.0,14,41.240305
1.0,26,41.257375
1.0,29,41.278293
1.0,51,41.31282
1.0,58,41.354713
0.0,18,41.367675
0.0,23,41.382526
0.0,31,41.403384
1.0,46,41.436538
1.0,33,41.458809
1.0,44,41.490363
0.0,11,41.498192
0.0,7,41.504065
1.0,41,41.532215
1.0,45,41.56361
1.0,37,41.587717
1.0,31,41.609246
1.0,70,41.658366
1.0,25,41.675421
1.0,82,41.732624
1.0,81,41.78651
1.0,62,41.827127
1.0,15,41.837232
1.0,78,41.890586
1.0,24,41.907875
1.0,17,41.918814
0.0,39,41.945823
1.0,11,41.953001
1.0,38,41.980259
1.0,21,41.994222
0.0,99,42.061948
0.0,81,42.11651
1.0,45,42.147001
1.0,67,42.192196
0.0,32,42.216916
0.0,100,42.298745
0.0,100,42.396669
1.0,46,42.440959
0.0,24,42.470186
1.0,38,42.495557
1.0,38,42.522421
0.0,19,42.536241
0.0,20,42.549604
1.0,22,42.563987
1.0,39,42.591583
1.0,27,42.609434
0.0,77,42.664151
0.0,92,42.725601
1.0,42,42.756063
1.0,88,42.816795
1.0,48,42.852839
1.0,27,42.870366
1.0,25,42.887653
1.0,15,42.897899
1.0,54,42.9356
1.0,39,42.96235
1.0,28,42.981264
1.0,38,43.007498
1.0,27,43.025239
0.0,29,43.045948
0.0,10,43.052746
1.0,15,43.062838
0.0,100,43.134421
0.0,15,43.146332
1.0,13,43.156262
1.0,82,43.21318
1.0,59,43.253781
1.0,41,43.281228
0.0,83,43.339506
1.0,85,43.399007
0.0,48,43.430653
1.0,26,43.450131
1.0,43,43.47856
1.0,27,43.500691
1.0,39,43.526503
1.0,21,43.542506
0.0,100,43.611215
1.0,57,43.650691
1.0,22,43.665065
1.0,18,43.678292
1.0,26,43.695688
1.0,33,43.719513
0.0,18,43.73065
1.0,31,43.753904
1.0,87,43.813091
1.0,61,43.856689
1.0,18,43.870033
0.0,55,43.908736
1.0,61,43.950235
1.0,16,43.960721
1.0,20,43.974792
1.0,22,43.991073
1.0,21,44.005042
1.0,62,44.046657
1.0,34,44.070572
1.0,27,44.088147
0.0,23,44.104184
1.0,63,44.148684
0.0,100,44.228469
1.0,28,44.246881
0.0,22,44.263082
1.0,27,44.280897
1.0,21,44.295155
1.0,30,44.315612
1.0,47,44.349165
1.0,21,44.364929
0.0,13,44.382211
1.0,81,44.442389
0.0,45,44.473883
1.0,67,44.519519
1.0,8,44.525899
1.0,20,44.540428
1.0,26,44.560164
1.0,21,44.574457
0.0,30,44.595116
1.0,34,44.61935
1.0,57,44.658817
1.0,30,44.679336
1.0,62,44.722533
1.0,30,44.743781
1.0,27,44.761332
1.0,13,44.770758
0.0,69,44.816344
1.0,52,44.854296
1.0,29,44.874316
