#{"t_start": 1709584978.641116, "env_id": "CliffWalking-v0"}
r,l,t
-41984.0,5156,29.909932
-2492.0,512,33.711399
-422.0,224,35.591446
-411.0,312,37.477033
-234.0,135,37.506422
-661.0,364,41.037083
-419.0,221,42.825895
-670.0,175,42.865879
-176.0,77,44.670367
-13.0,13,44.673148
-15.0,15,44.676397
-17.0,17,44.679869
-115.0,16,44.683171
-129.0,30,44.689644
-15.0,15,44.692808
-15.0,15,44.696362
-13.0,13,44.699696
-17.0,17,44.704244
-13.0,13,44.707476
-120.0,21,44.713667
-14.0,14,44.717899
-13.0,13,44.721805
-120.0,21,44.727739
-13.0,13,44.731841
-137.0,38,46.523755
-17.0,17,46.527404
-17.0,17,46.531155
-16.0,16,46.534044
-17.0,17,46.538068
-122.0,23,46.543984
-15.0,15,46.548163
-17.0,17,46.553274
-15.0,15,46.559723
-17.0,17,46.56323
-129.0,30,46.569868
-17.0,17,46.574523
-15.0,15,46.578905
-115.0,16,48.347257
-15.0,15,48.350306
-13.0,13,48.353923
-126.0,27,48.359873
-13.0,13,48.362864
-120.0,21,48.369879
-13.0,13,48.375568
-120.0,21,48.380294
-15.0,15,48.383286
-115.0,16,48.387091
-15.0,15,48.39085
-15.0,15,48.394658
-13.0,13,48.398861
-13.0,13,48.404678
-13.0,13,48.408928
-13.0,13,48.412398
-13.0,13,50.083233
-14.0,14,50.086137
-116.0,17,50.090649
-15.0,15,50.095302
-13.0,13,50.100506
-13.0,13,50.105028
-13.0,13,50.108423
-13.0,13,50.111892
-13.0,13,50.115704
-13.0,13,50.119019
-13.0,13,50.122084
-15.0,15,50.12585
-119.0,20,50.130555
-13.0,13,50.133801
-13.0,13,50.137557
-14.0,14,50.142911
-13.0,13,50.147135
-13.0,13,50.150951
-15.0,15,51.863209
-13.0,13,51.866896
-14.0,14,51.870848
-13.0,13,51.87409
-14.0,14,51.877349
-126.0,27,51.884778
-13.0,13,51.888302
-13.0,13,51.892164
-13.0,13,51.895463
-124.0,25,51.902304
-13.0,13,51.905818
-13.0,13,51.908912
-13.0,13,51.912482
-13.0,13,51.916727
-13.0,13,51.920546
-116.0,17,51.924969
-13.0,13,51.928319
-13.0,13,51.932666
-69.0,69,53.698762
-83.0,83,53.721234
-173.0,74,53.740659
-47.0,47,55.482419
-451.0,154,55.522964
-259.0,160,57.213277
-56.0,56,57.228543
-193.0,193,59.051546
-307.0,208,60.829914
-15.0,15,60.833105
-15.0,15,60.83653
-15.0,15,60.839911
-17.0,17,60.845037
-15.0,15,60.849659
-15.0,15,60.853927
-15.0,15,60.857482
-17.0,17,60.861673
-116.0,116,62.695888
-18.0,18,62.699719
-85.0,85,62.719963
-57.0,57,62.735597
-300.0,201,64.689306
-131.0,131,64.72337
-27.0,27,66.575094
-75.0,75,66.596177
-72.0,72,66.61628
-103.0,103,68.455263
-158.0,158,68.495138
-99.0,99,70.305649
-13.0,13,70.308557
-117.0,18,70.312658
-15.0,15,70.317255
-13.0,13,70.32071
-13.0,13,70.324037
-13.0,13,70.328636
-13.0,13,70.333612
-117.0,18,70.338496
-13.0,13,70.341439
-13.0,13,70.344688
-13.0,13,70.348121
-113.0,113,72.136954
-33.0,33,72.143781
-123.0,123,72.171874
-51.0,51,72.185291
-294.0,294,75.712457
-516.0,516,79.125995
-255.0,255,80.990104
-259.0,259,82.801239
-33.0,33,82.80889
-36.0,36,82.818124
-28.0,28,82.826202
-227.0,227,84.686766
-166.0,166,84.724056
-79.0,79,86.476122
-122.0,122,86.501323
-75.0,75,88.293647
-15.0,15,88.296943
-17.0,17,88.300621
-15.0,15,88.303751
-17.0,17,88.307766
-15.0,15,88.31202
-15.0,15,88.316006
-17.0,17,88.320327
-15.0,15,88.323914
-17.0,17,88.327693
-16.0,16,88.331244
-15.0,15,88.33484
-15.0,15,88.338693
-16.0,16,88.343346
-15.0,15,88.346844
-15.0,15,88.349867
-17.0,17,90.19115
-367.0,169,90.229092
-31.0,31,90.236511
-33.0,33,90.244541
-19.0,19,92.01697
-13.0,13,92.019933
-13.0,13,92.023022
-13.0,13,92.026428
-13.0,13,92.030112
-13.0,13,92.03405
-13.0,13,92.037817
-117.0,18,92.043289
-13.0,13,92.047281
-15.0,15,92.050909
-13.0,13,92.05501
-13.0,13,92.058658
-13.0,13,92.068714
-14.0,14,92.07765
-13.0,13,92.087062
-13.0,13,92.095104
-13.0,13,92.103824
-121.0,22,92.111041
-13.0,13,92.115187
-122.0,23,93.911825
-17.0,17,93.916188
-13.0,13,93.919149
-13.0,13,93.92224
-118.0,19,93.926355
-13.0,13,93.929981
-117.0,18,93.93429
-13.0,13,93.938135
-123.0,24,93.943057
-118.0,19,93.947523
-13.0,13,93.950981
-117.0,18,93.954434
-13.0,13,93.957623
-13.0,13,93.961025
-116.0,17,93.965747
-13.0,13,93.968878
-13.0,13,95.740334
-13.0,13,95.743972
-13.0,13,95.746882
-13.0,13,95.749875
-15.0,15,95.754594
-13.0,13,95.758983
-13.0,13,95.762367
-13.0,13,95.765697
-14.0,14,95.768709
-13.0,13,95.771715
-13.0,13,95.775001
-120.0,21,95.779803
-15.0,15,95.783733
-13.0,13,95.787159
-13.0,13,95.790921
-13.0,13,95.797574
-116.0,17,95.802094
-225.0,27,97.535734
-126.0,27,97.541188
-13.0,13,97.544257
-13.0,13,97.547098
-13.0,13,97.550098
-17.0,17,97.553983
-13.0,13,97.557923
-13.0,13,97.560843
-13.0,13,97.56429
-15.0,15,97.56795
-13.0,13,97.571683
-15.0,15,97.575289
-13.0,13,97.579045
-13.0,13,97.584209
-13.0,13,97.588119
-118.0,19,97.594049
-15.0,15,97.598431
-13.0,13,99.464733
-13.0,13,99.467699
-13.0,13,99.47051
-13.0,13,99.473963
-15.0,15,99.477384
-123.0,24,99.482973
-15.0,15,99.487676
-13.0,13,99.491185
-15.0,15,99.495428
-15.0,15,99.498862
-13.0,13,99.502382
-13.0,13,99.505821
-13.0,13,99.509207
-13.0,13,99.512522
-13.0,13,99.516237
-16.0,16,99.520746
-13.0,13,99.52437
-13.0,13,99.527528
-13.0,13,101.409563
-17.0,17,101.413542
-13.0,13,101.416612
-13.0,13,101.42005
-13.0,13,101.423462
-126.0,27,101.432072
-126.0,27,101.438357
-15.0,15,101.442238
-13.0,13,101.445853
-13.0,13,101.449827
-13.0,13,101.456956
-15.0,15,101.461924
-13.0,13,101.468297
-13.0,13,101.47236
-13.0,13,101.475222
-13.0,13,101.480032
-15.0,15,101.483941
-13.0,13,103.252253
-13.0,13,103.255168
-117.0,18,103.259024
-13.0,13,103.262165
-13.0,13,103.265473
-15.0,15,103.268971
-13.0,13,103.272572
-115.0,16,103.276852
-13.0,13,103.280944
-13.0,13,103.284613
-113.0,14,103.28821
-13.0,13,103.292185
-15.0,15,103.296372
-121.0,22,103.303369
-15.0,15,103.307723
-13.0,13,103.310861
-15.0,15,103.314792
-15.0,15,103.31769
-13.0,13,105.0462
-13.0,13,105.04948
-13.0,13,105.052465
-13.0,13,105.0551
-13.0,13,105.058323
-15.0,15,105.061541
-119.0,20,105.066354
-113.0,14,105.069734
-15.0,15,105.073714
-13.0,13,105.076967
-13.0,13,105.081131
-13.0,13,105.084376
-13.0,13,105.089077
-13.0,13,105.092462
-15.0,15,105.096389
-17.0,17,105.100682
-13.0,13,105.105455
-13.0,13,105.108684
-13.0,13,106.861532
-14.0,14,106.864435
-118.0,19,106.868191
-13.0,13,106.870953
-15.0,15,106.874294
-15.0,15,106.879215
-13.0,13,106.882059
-13.0,13,106.88544
-13.0,13,106.889498
-13.0,13,106.892298
-13.0,13,106.895781
-13.0,13,106.898688
-14.0,14,106.901824
-15.0,15,106.907573
-13.0,13,106.91159
-13.0,13,106.914414
-14.0,14,106.917778
-13.0,13,106.921235
-13.0,13,108.743871
-119.0,20,108.748202
-13.0,13,108.752033
-13.0,13,108.754846
-15.0,15,108.758131
-120.0,21,108.76376
-13.0,13,108.766886
-13.0,13,108.769915
-15.0,15,108.773856
-13.0,13,108.776436
-13.0,13,108.779884
-13.0,13,108.783594
-13.0,13,108.786584
-13.0,13,108.790406
-17.0,17,108.795525
-13.0,13,108.79941
-13.0,13,108.804218
-13.0,13,108.80771
-15.0,15,110.618124
-13.0,13,110.621441
-13.0,13,110.624238
-13.0,13,110.627317
-15.0,15,110.631146
-13.0,13,110.634152
-13.0,13,110.637241
-113.0,14,110.641248
-126.0,27,110.647743
-121.0,22,110.653147
-13.0,13,110.656677
-13.0,13,110.660545
-13.0,13,110.664413
-13.0,13,110.667646
-13.0,13,110.670602
-13.0,13,110.673882
-13.0,13,110.678524
-15.0,15,110.682192
-13.0,13,112.376732
-17.0,17,112.380109
-124.0,25,112.385669
-13.0,13,112.388819
-15.0,15,112.39251
-13.0,13,112.395969
-119.0,20,112.400411
-13.0,13,112.403911
-13.0,13,112.408401
-13.0,13,112.412474
-14.0,14,112.415858
-120.0,21,112.420724
-13.0,13,112.423809
-17.0,17,112.427738
-13.0,13,112.431297
-13.0,13,112.434124
-15.0,15,114.229395
-13.0,13,114.232643
-15.0,15,114.23617
-13.0,13,114.238945
-13.0,13,114.241918
-13.0,13,114.246415
-13.0,13,114.253464
-13.0,13,114.257737
-14.0,14,114.260968
-13.0,13,114.263778
-13.0,13,114.26702
-13.0,13,114.269773
-14.0,14,114.272542
-13.0,13,114.275564
-13.0,13,114.280808
-14.0,14,114.284253
-13.0,13,114.288308
-13.0,13,114.293599
-13.0,13,114.296782
-15.0,15,116.065009
-15.0,15,116.068338
-13.0,13,116.072132
-16.0,16,116.076162
-13.0,13,116.080078
-15.0,15,116.084341
-13.0,13,116.087867
-119.0,20,116.093641
-13.0,13,116.097503
-13.0,13,116.101093
-15.0,15,116.104842
-13.0,13,116.10924
-13.0,13,116.112969
-119.0,20,116.118208
-115.0,16,116.122657
-17.0,17,116.127262
-15.0,15,116.131396
-13.0,13,116.134742
-13.0,13,117.861415
-16.0,16,117.864962
-13.0,13,117.867666
-15.0,15,117.870848
-125.0,26,117.879564
-15.0,15,117.882951
-13.0,13,117.885781
-13.0,13,117.888815
-13.0,13,117.891905
-13.0,13,117.895103
-13.0,13,117.899151
-15.0,15,117.903134
-15.0,15,117.906107
-13.0,13,117.909804
-13.0,13,117.912967
-13.0,13,117.917525
-13.0,13,117.921602
-13.0,13,117.925285
-13.0,13,119.71617
-13.0,13,119.719084
-13.0,13,119.722175
-13.0,13,119.72598
-13.0,13,119.729904
-13.0,13,119.733214
-13.0,13,119.739292
-225.0,27,119.747008
-13.0,13,119.750096
-126.0,27,119.75608
-13.0,13,119.758838
-13.0,13,119.762293
-15.0,15,119.76562
-13.0,13,119.768334
-13.0,13,119.771599
-13.0,13,119.77495
-13.0,13,119.777947
-13.0,13,121.58452
-13.0,13,121.587599
-13.0,13,121.590846
-117.0,18,121.595035
-13.0,13,121.597707
-13.0,13,121.60044
-15.0,15,121.60405
-13.0,13,121.606846
-13.0,13,121.609625
-13.0,13,121.612872
-13.0,13,121.620135
-13.0,13,121.626839
-13.0,13,121.629988
-13.0,13,121.632733
-13.0,13,121.635951
-15.0,15,121.639718
-13.0,13,121.642733
-13.0,13,121.646152
-13.0,13,121.649856
-13.0,13,123.577975
-13.0,13,123.581203
-15.0,15,123.585169
-13.0,13,123.588595
-13.0,13,123.592077
-337.0,40,123.603285
-15.0,15,123.607666
-13.0,13,123.611466
-13.0,13,123.615632
-13.0,13,123.619439
-13.0,13,123.622853
-14.0,14,123.626574
-13.0,13,123.630322
-13.0,13,123.633675
-15.0,15,123.637391
-15.0,15,123.64204
-13.0,13,123.645495
-13.0,13,125.491524
-227.0,29,125.497065
-13.0,13,125.500841
-115.0,16,125.504182
-13.0,13,125.507309
-13.0,13,125.510186
-13.0,13,125.513452
-13.0,13,125.517167
-14.0,14,125.520049
-13.0,13,125.522785
-13.0,13,125.525902
-13.0,13,125.528665
-13.0,13,125.532102
-13.0,13,125.534978
-15.0,15,125.539445
-13.0,13,125.542459
-13.0,13,125.545464
-13.0,13,125.54829
-14.0,14,127.266916
-13.0,13,127.270383
-13.0,13,127.273077
-13.0,13,127.275764
-13.0,13,127.278742
-13.0,13,127.281753
-15.0,15,127.285345
-116.0,17,127.292019
-13.0,13,127.297436
-13.0,13,127.300698
-13.0,13,127.304749
-13.0,13,127.307872
-17.0,17,127.311954
-15.0,15,127.315942
-13.0,13,127.319866
-13.0,13,127.323184
-13.0,13,127.327055
-13.0,13,127.330858
-13.0,13,127.334264
-14.0,14,129.029078
-13.0,13,129.032557
-13.0,13,129.03536
-13.0,13,129.038607
-13.0,13,129.041905
-15.0,15,129.046786
-13.0,13,129.050151
-15.0,15,129.054182
-13.0,13,129.060186
-15.0,15,129.065624
-13.0,13,129.068678
-15.0,15,129.071848
-13.0,13,129.075287
-124.0,25,129.081668
-13.0,13,129.085199
-13.0,13,129.089002
-13.0,13,129.092531
-15.0,15,130.822642
-13.0,13,130.826295
-16.0,16,130.82998
-13.0,13,130.83367
-13.0,13,130.83738
-13.0,13,130.841038
-15.0,15,130.845348
-13.0,13,130.848862
-15.0,15,130.85395
-15.0,15,130.858117
-13.0,13,130.861498
-118.0,19,130.866482
-13.0,13,130.870451
-13.0,13,130.874333
-13.0,13,130.877554
-15.0,15,130.881627
-13.0,13,130.885441
-19.0,19,130.890392
-113.0,14,132.611813
-13.0,13,132.614864
-13.0,13,132.61813
-117.0,18,132.622816
-13.0,13,132.625463
-13.0,13,132.628801
-13.0,13,132.632303
-15.0,15,132.635571
-15.0,15,132.639225
-120.0,21,132.646968
-13.0,13,132.650203
-14.0,14,132.65307
-13.0,13,132.65698
-13.0,13,132.662891
-13.0,13,132.666496
-15.0,15,132.669798
-16.0,16,132.673
-13.0,13,132.678722
-13.0,13,134.399767
-14.0,14,134.402806
-15.0,15,134.406778
-13.0,13,134.409863
-13.0,13,134.413929
-15.0,15,134.417663
-13.0,13,134.420924
-13.0,13,134.427404
-15.0,15,134.431198
-13.0,13,134.435093
-13.0,13,134.439429
-15.0,15,134.44285
-13.0,13,134.446502
-13.0,13,134.449911
-13.0,13,134.45307
-15.0,15,134.456966
-15.0,15,134.46071
-13.0,13,134.464044
-13.0,13,134.467901
-13.0,13,136.257526
-13.0,13,136.261044
-13.0,13,136.265639
-13.0,13,136.26931
-13.0,13,136.275843
-13.0,13,136.280022
-13.0,13,136.283276
-115.0,16,136.286774
-121.0,22,136.292578
-228.0,30,136.300374
-13.0,13,136.303533
-15.0,15,136.306953
-13.0,13,136.310763
-15.0,15,136.314822
-13.0,13,136.318632
-15.0,15,136.322249
-13.0,13,136.325522
-15.0,15,138.167624
-13.0,13,138.17044
-13.0,13,138.173121
-13.0,13,138.176785
-126.0,27,138.183413
-13.0,13,138.187395
-13.0,13,138.192061
-13.0,13,138.195742
-13.0,13,138.199837
-13.0,13,138.203635
-13.0,13,138.207161
-13.0,13,138.211037
-13.0,13,138.214841
-121.0,22,138.220815
-13.0,13,138.224372
-13.0,13,138.228113
-15.0,15,138.232731
-13.0,13,138.236144
-15.0,15,139.921794
-17.0,17,139.925445
-15.0,15,139.92882
-13.0,13,139.931641
-13.0,13,139.934444
-13.0,13,139.937272
-13.0,13,139.940286
-13.0,13,139.943406
-124.0,25,139.949132
-13.0,13,139.952574
-13.0,13,139.956042
-13.0,13,139.958954
-13.0,13,139.963986
-15.0,15,139.968715
-13.0,13,139.972303
-13.0,13,139.975754
-13.0,13,139.979367
-13.0,13,139.983631
-15.0,15,141.810696
-13.0,13,141.813766
-13.0,13,141.816585
-15.0,15,141.819902
-117.0,18,141.823609
-13.0,13,141.827148
-13.0,13,141.830086
-13.0,13,141.834609
-13.0,13,141.838264
-13.0,13,141.841019
-118.0,19,141.844872
-120.0,21,141.853724
-15.0,15,141.862303
-13.0,13,141.870347
-13.0,13,141.878067
-13.0,13,141.885041
-13.0,13,141.889392
-13.0,13,143.70331
-13.0,13,143.706323
-13.0,13,143.709486
-13.0,13,143.712509
-15.0,15,143.71562
-13.0,13,143.719028
-124.0,25,143.724643
-13.0,13,143.72757
-122.0,23,143.733837
-13.0,13,143.73667
-13.0,13,143.739608
-124.0,25,143.746084
-17.0,17,143.751605
-115.0,16,143.755074
-13.0,13,143.758178
-13.0,13,143.761576
-13.0,13,143.764592
-13.0,13,145.438431
-13.0,13,145.442106
-13.0,13,145.445622
-13.0,13,145.448874
-17.0,17,145.453092
-13.0,13,145.456583
-17.0,17,145.4615
-13.0,13,145.465042
-17.0,17,145.469738
-13.0,13,145.473346
-13.0,13,145.477535
-13.0,13,145.481229
-13.0,13,145.485113
-13.0,13,145.48873
-13.0,13,145.492981
-13.0,13,145.496474
-13.0,13,145.500771
-119.0,20,145.506534
-13.0,13,147.286551
-13.0,13,147.289449
-122.0,23,147.294098
-13.0,13,147.296946
-13.0,13,147.300098
-15.0,15,147.303588
-15.0,15,147.307156
-13.0,13,147.310714
-13.0,13,147.314497
-13.0,13,147.3185
-16.0,16,147.322034
-221.0,23,147.327193
-15.0,15,147.330363
-120.0,21,147.334718
-13.0,13,147.339166
-124.0,25,147.345267
-13.0,13,149.06907
-13.0,13,149.072701
-15.0,15,149.075743
-13.0,13,149.078444
-15.0,15,149.08256
-13.0,13,149.086036
-13.0,13,149.089652
-18.0,18,149.093991
-15.0,15,149.099543
-122.0,23,149.1059
-13.0,13,149.108828
-15.0,15,149.112306
-15.0,15,149.115654
-13.0,13,149.118971
-13.0,13,149.121993
-13.0,13,149.124841
-13.0,13,149.128462
-13.0,13,149.131156
-15.0,15,150.888983
-15.0,15,150.892489
-119.0,20,150.897185
-13.0,13,150.899973
-14.0,14,150.903692
-13.0,13,150.906873
-13.0,13,150.911006
-13.0,13,150.914637
-13.0,13,150.918071
-14.0,14,150.921451
-113.0,14,150.925306
-13.0,13,150.928511
-13.0,13,150.931366
-13.0,13,150.934623
-13.0,13,150.93772
-13.0,13,150.943049
-15.0,15,150.946459
-15.0,15,150.94967
-124.0,25,152.731614
-116.0,17,152.735012
-13.0,13,152.73798
-13.0,13,152.740658
-117.0,18,152.744674
-13.0,13,152.747615
-13.0,13,152.750717
-13.0,13,152.757606
-13.0,13,152.761438
-15.0,15,152.764538
-15.0,15,152.767783
-13.0,13,152.77105
-13.0,13,152.774749
-13.0,13,152.77848
-17.0,17,152.782081
-13.0,13,152.784875
-13.0,13,152.787729
-13.0,13,154.511813
-13.0,13,154.515068
-13.0,13,154.517628
-14.0,14,154.521056
-13.0,13,154.524368
-120.0,21,154.52861
-14.0,14,154.531949
-13.0,13,154.535743
-13.0,13,154.538615
-15.0,15,154.542287
-15.0,15,154.546226
-13.0,13,154.549639
-13.0,13,154.552932
-13.0,13,154.557058
-13.0,13,154.561004
-13.0,13,154.56471
-223.0,25,154.57632
-13.0,13,154.580805
-13.0,13,156.331359
-15.0,15,156.335162
-13.0,13,156.338178
-13.0,13,156.341607
-14.0,14,156.345916
-13.0,13,156.349142
-13.0,13,156.352208
-15.0,15,156.355133
-113.0,14,156.358112
-119.0,20,156.364557
-13.0,13,156.368304
-15.0,15,156.372826
-13.0,13,156.376454
-13.0,13,156.383681
-13.0,13,156.387942
-124.0,25,156.39412
-15.0,15,156.397964
-17.0,17,158.126747
-13.0,13,158.129559
-13.0,13,158.132292
-13.0,13,158.135332
-13.0,13,158.138415
-13.0,13,158.144718
-13.0,13,158.151112
-13.0,13,158.153963
-13.0,13,158.156994
-121.0,22,158.162452
-13.0,13,158.165591
-15.0,15,158.168586
-13.0,13,158.171845
-13.0,13,158.174847
-13.0,13,158.177903
-123.0,24,158.184402
-13.0,13,158.187903
-123.0,24,159.969431
-124.0,25,159.975279
-15.0,15,159.978176
-13.0,13,159.981463
-13.0,13,159.984121
-13.0,13,159.987602
-15.0,15,159.992376
-13.0,13,159.995698
-13.0,13,159.999015
-13.0,13,160.002088
-15.0,15,160.005179
-13.0,13,160.008153
-125.0,26,160.014933
-17.0,17,160.020944
-15.0,15,160.024007
-17.0,17,160.028243
-15.0,15,160.032322
-118.0,19,161.717259
-13.0,13,161.721149
-15.0,15,161.725207
-17.0,17,161.73068
-15.0,15,161.734469
-14.0,14,161.738555
-225.0,27,161.745905
-17.0,17,161.750429
-13.0,13,161.753844
-122.0,23,161.760577
-13.0,13,161.764557
-13.0,13,161.767996
-13.0,13,161.771813
-13.0,13,161.775375
-13.0,13,161.77913
-233.0,35,163.468555
-13.0,13,163.47137
-13.0,13,163.474065
-13.0,13,163.477369
-13.0,13,163.480347
-13.0,13,163.485194
-15.0,15,163.490362
-13.0,13,163.49354
-13.0,13,163.497282
-13.0,13,163.500764
-13.0,13,163.503798
-13.0,13,163.50665
-13.0,13,163.509409
-13.0,13,163.512391
-14.0,14,163.51541
-15.0,15,163.51931
-13.0,13,163.522368
-17.0,17,163.526213
-17.0,17,165.328188
-15.0,15,165.332093
-13.0,13,165.334986
-13.0,13,165.337946
-13.0,13,165.341721
-13.0,13,165.345574
-13.0,13,165.349252
-15.0,15,165.354049
-128.0,29,165.360857
-117.0,18,165.366024
-14.0,14,165.370324
-13.0,13,165.375726
-13.0,13,165.379271
-13.0,13,165.384108
-13.0,13,165.387093
-13.0,13,165.389879
-13.0,13,165.393449
-13.0,13,165.397004
-126.0,27,167.288318
-124.0,25,167.293539
-15.0,15,167.296651
-13.0,13,167.300197
-13.0,13,167.30331
-17.0,17,167.307595
-13.0,13,167.310868
-13.0,13,167.315034
-15.0,15,167.318793
-120.0,21,167.324032
-113.0,14,167.327913
-13.0,13,167.331722
-13.0,13,167.334884
-15.0,15,167.338974
-13.0,13,167.342343
-13.0,13,167.346045
-13.0,13,169.216321
-13.0,13,169.219447
-13.0,13,169.222984
-13.0,13,169.226727
-13.0,13,169.230322
-13.0,13,169.233923
-13.0,13,169.237348
-15.0,15,169.241707
-15.0,15,169.245329
-15.0,15,169.249388
-13.0,13,169.253007
-15.0,15,169.257532
-15.0,15,169.261329
-13.0,13,169.265253
-124.0,25,169.271811
-13.0,13,169.275348
-15.0,15,169.280057
-13.0,13,169.28484
-15.0,15,171.061537
-13.0,13,171.064667
-13.0,13,171.067553
-13.0,13,171.070776
-13.0,13,171.075758
-13.0,13,171.081053
-13.0,13,171.083674
-13.0,13,171.086778
-13.0,13,171.091611
-13.0,13,171.094815
-17.0,17,171.098277
-15.0,15,171.10165
-13.0,13,171.104807
-13.0,13,171.108335
-13.0,13,171.111268
-13.0,13,171.115097
-15.0,15,171.119088
-13.0,13,171.122857
-13.0,13,171.126887
-14.0,14,172.880352
-13.0,13,172.883495
-13.0,13,172.886844
-119.0,20,172.892063
-15.0,15,172.89605
-13.0,13,172.900127
-13.0,13,172.903602
-13.0,13,172.906889
-13.0,13,172.910491
-15.0,15,172.914072
-13.0,13,172.917486
-15.0,15,172.921429
-13.0,13,172.924811
-13.0,13,172.928016
-15.0,15,172.932072
-15.0,15,172.936286
-13.0,13,172.941497
-13.0,13,172.947339
-121.0,22,174.739876
-13.0,13,174.743758
-117.0,18,174.747795
-13.0,13,174.751588
-13.0,13,174.75523
-13.0,13,174.758864
-224.0,26,174.773623
-116.0,17,174.784218
-14.0,14,174.789711
-13.0,13,174.793469
-15.0,15,174.797873
-13.0,13,174.804474
-13.0,13,174.809734
-13.0,13,174.813581
-13.0,13,174.81674
-13.0,13,174.820029
-13.0,13,174.823738
-13.0,13,176.432647
-15.0,15,176.435991
-117.0,18,176.439807
-13.0,13,176.442926
-120.0,21,176.448784
-13.0,13,176.453487
-13.0,13,176.456661
-121.0,22,176.462299
-14.0,14,176.465404
-13.0,13,176.468191
-13.0,13,176.471005
-15.0,15,176.474619
-15.0,15,176.479071
-17.0,17,176.483758
-117.0,18,176.48813
-13.0,13,176.491793
-13.0,13,176.495279
-17.0,17,178.187341
-13.0,13,178.189982
-15.0,15,178.193511
-15.0,15,178.196414
-13.0,13,178.19947
-13.0,13,178.202144
-15.0,15,178.210158
-13.0,13,178.213366
-13.0,13,178.215982
-15.0,15,178.219083
-13.0,13,178.222282
-13.0,13,178.224966
-118.0,19,178.229587
-13.0,13,178.232476
-15.0,15,178.236333
-14.0,14,178.240184
-13.0,13,178.243449
-13.0,13,178.24686
-13.0,13,179.837711
-13.0,13,179.840893
-13.0,13,179.843663
-13.0,13,179.846313
-13.0,13,179.849366
-121.0,22,179.85432
-15.0,15,179.857546
-13.0,13,179.86291
-13.0,13,179.866333
-15.0,15,179.869787
-17.0,17,179.87363
-13.0,13,179.876621
-13.0,13,179.880937
-13.0,13,179.884364
-13.0,13,179.887315
-119.0,20,179.891927
-13.0,13,179.895241
-13.0,13,179.898759
-16.0,16,181.489988
-115.0,16,181.49347
-13.0,13,181.496814
-13.0,13,181.500753
-13.0,13,181.504122
-13.0,13,181.5076
-13.0,13,181.511573
-119.0,20,181.517561
-13.0,13,181.52128
-14.0,14,181.524715
-13.0,13,181.528866
-123.0,24,181.536016
-14.0,14,181.539823
-13.0,13,181.543664
-122.0,23,181.552291
-13.0,13,181.555676
-13.0,13,181.558585
-13.0,13,183.117027
-13.0,13,183.120142
-115.0,16,183.124533
-15.0,15,183.127944
-15.0,15,183.132024
-15.0,15,183.135683
-13.0,13,183.139018
-13.0,13,183.142647
-15.0,15,183.146051
-13.0,13,183.150325
-17.0,17,183.154431
-15.0,15,183.158565
-14.0,14,183.162907
-13.0,13,183.166343
-14.0,14,183.169761
-13.0,13,183.172402
-13.0,13,183.1752
-13.0,13,183.179125
-15.0,15,184.840232
-13.0,13,184.843457
-120.0,21,184.849066
-13.0,13,184.852718
-13.0,13,184.858972
-122.0,23,184.865663
-13.0,13,184.869066
-322.0,25,184.875108
-13.0,13,184.878735
-15.0,15,184.882288
-13.0,13,184.885602
-123.0,24,184.891654
-15.0,15,184.895431
-13.0,13,184.899282
-13.0,13,184.902858
-13.0,13,184.90673
-13.0,13,186.542467
-115.0,16,186.545781
-13.0,13,186.548522
-13.0,13,186.55179
-15.0,15,186.55467
-13.0,13,186.557995
-13.0,13,186.562033
-13.0,13,186.567752
-15.0,15,186.571661
-14.0,14,186.574945
-15.0,15,186.578235
-13.0,13,186.581138
-15.0,15,186.584107
-13.0,13,186.588256
-15.0,15,186.591552
-13.0,13,186.594667
-13.0,13,186.597949
-115.0,16,186.601253
-13.0,13,186.604398
-13.0,13,188.169121
-15.0,15,188.172266
-13.0,13,188.175974
-13.0,13,188.179363
-13.0,13,188.183517
-13.0,13,188.187101
-13.0,13,188.190342
-15.0,15,188.195014
-13.0,13,188.199114
-13.0,13,188.202258
-13.0,13,188.205457
-13.0,13,188.209459
-15.0,15,188.212994
-13.0,13,188.216635
-13.0,13,188.220593
-124.0,25,188.226315
-125.0,26,188.232401
-13.0,13,189.972972
-14.0,14,189.976262
-13.0,13,189.979166
-13.0,13,189.982306
-15.0,15,189.985848
-13.0,13,189.989256
-13.0,13,189.993082
-13.0,13,189.996623
-13.0,13,189.999435
-13.0,13,190.002245
-13.0,13,190.005333
-13.0,13,190.009322
-114.0,15,190.012229
-15.0,15,190.017091
-15.0,15,190.027751
-13.0,13,190.04164
-15.0,15,190.051231
-13.0,13,190.05722
-13.0,13,190.064716
-15.0,15,191.602833
-121.0,22,191.607455
-13.0,13,191.610752
-13.0,13,191.614156
-115.0,16,191.618498
-15.0,15,191.621949
-13.0,13,191.625351
-13.0,13,191.632282
-13.0,13,191.639024
-13.0,13,191.642349
-117.0,18,191.646189
-13.0,13,191.649004
-13.0,13,191.652649
-113.0,14,191.655815
-13.0,13,191.65918
-15.0,15,191.66502
-13.0,13,191.668765
-15.0,15,193.178407
-13.0,13,193.181324
-13.0,13,193.184083
-13.0,13,193.188257
-13.0,13,193.194582
-13.0,13,193.201517
-13.0,13,193.205209
-115.0,16,193.209519
-15.0,15,193.213131
-13.0,13,193.215967
-220.0,22,193.220472
-15.0,15,193.224518
-13.0,13,193.227508
-13.0,13,193.230659
-13.0,13,193.233886
-13.0,13,193.237193
-13.0,13,193.240625
-13.0,13,193.244893
-13.0,13,193.248797
-13.0,13,194.843582
-13.0,13,194.847262
-123.0,24,194.853945
-13.0,13,194.85751
-13.0,13,194.861361
-13.0,13,194.866962
-13.0,13,194.872299
-13.0,13,194.876656
-13.0,13,194.880435
-15.0,15,194.88459
-15.0,15,194.888777
-13.0,13,194.894093
-16.0,16,194.898227
-13.0,13,194.901776
-13.0,13,194.905626
-121.0,22,194.91158
-13.0,13,194.915198
-13.0,13,196.51924
-15.0,15,196.522649
-122.0,23,196.527898
-13.0,13,196.530903
-13.0,13,196.533737
-13.0,13,196.536539
-13.0,13,196.540277
-13.0,13,196.543971
-13.0,13,196.546987
-13.0,13,196.550264
-13.0,13,196.553135
-13.0,13,196.556796
-13.0,13,196.561065
-13.0,13,196.564266
-13.0,13,196.567899
-116.0,17,196.572572
-15.0,15,196.576702
-123.0,24,196.582078
-116.0,17,198.198913
-13.0,13,198.202504
-13.0,13,198.205248
-15.0,15,198.2084
-13.0,13,198.211693
-13.0,13,198.214878
-15.0,15,198.218275
-13.0,13,198.221035
-115.0,16,198.224318
-13.0,13,198.227329
-13.0,13,198.230226
-13.0,13,198.233771
-13.0,13,198.236866
-13.0,13,198.24
-13.0,13,198.242847
-125.0,26,198.250258
-13.0,13,198.253334
-13.0,13,198.260042
-13.0,13,199.899422
-13.0,13,199.902255
-17.0,17,199.905864
-13.0,13,199.908969
-13.0,13,199.915024
-13.0,13,199.918849
-330.0,33,199.926218
-13.0,13,199.929181
-13.0,13,199.932901
-13.0,13,199.935904
-13.0,13,199.938596
-13.0,13,199.941857
-13.0,13,199.944655
-13.0,13,199.948446
-13.0,13,199.951659
-15.0,15,199.955853
-13.0,13,199.958706
-13.0,13,201.533381
-124.0,25,201.538891
-13.0,13,201.541956
-13.0,13,201.545177
-13.0,13,201.54812
-13.0,13,201.551282
-13.0,13,201.556559
-13.0,13,201.559979
-15.0,15,201.564209
-13.0,13,201.571111
-13.0,13,201.574229
-13.0,13,201.577409
-13.0,13,201.580695
-13.0,13,201.583617
-13.0,13,201.586653
-13.0,13,201.589867
-13.0,13,201.592927
-13.0,13,201.595563
-13.0,13,201.598661
-13.0,13,203.182471
-13.0,13,203.185351
-15.0,15,203.18824
-13.0,13,203.191665
-13.0,13,203.194307
-13.0,13,203.197005
-13.0,13,203.200269
-13.0,13,203.203453
-13.0,13,203.206094
-13.0,13,203.209214
-13.0,13,203.211987
-13.0,13,203.215344
-13.0,13,203.219578
-13.0,13,203.222738
-13.0,13,203.225627
-115.0,16,203.229563
-13.0,13,203.232841
-13.0,13,203.236001
-13.0,13,203.239632
-13.0,13,204.911887
-15.0,15,204.915179
-13.0,13,204.918418
-13.0,13,204.92098
-13.0,13,204.924095
-117.0,18,204.928915
-13.0,13,204.932542
-13.0,13,204.94334
-13.0,13,204.951891
-13.0,13,204.956533
-13.0,13,204.962461
-15.0,15,204.970731
-13.0,13,204.974796
-15.0,15,204.978283
-13.0,13,204.981148
-13.0,13,204.984922
-13.0,13,204.988735
-13.0,13,204.991727
-15.0,15,204.995425
-15.0,15,206.743118
-13.0,13,206.74667
-13.0,13,206.749626
-15.0,15,206.753804
-13.0,13,206.75681
-117.0,18,206.761216
-15.0,15,206.765161
-13.0,13,206.768288
-117.0,18,206.772886
-13.0,13,206.776356
-123.0,24,206.782146
-13.0,13,206.787893
-17.0,17,206.791788
-15.0,15,206.795352
-13.0,13,206.798276
-115.0,16,206.802167
-13.0,13,206.805109
-13.0,13,208.547027
-13.0,13,208.550412
-13.0,13,208.55369
-13.0,13,208.55684
-13.0,13,208.560686
-13.0,13,208.56389
-13.0,13,208.567338
-13.0,13,208.571899
-13.0,13,208.57557
-13.0,13,208.579016
-13.0,13,208.582817
-13.0,13,208.586876
-13.0,13,208.590678
-13.0,13,208.594247
-15.0,15,208.598482
-123.0,24,208.604755
-122.0,23,208.611354
-13.0,13,208.614817
-15.0,15,210.409009
-15.0,15,210.412493
-15.0,15,210.415765
-15.0,15,210.419223
-15.0,15,210.422832
-115.0,16,210.426605
-13.0,13,210.429832
-13.0,13,210.433127
-13.0,13,210.436192
-13.0,13,210.439433
-14.0,14,210.442724
-13.0,13,210.445388
-13.0,13,210.448207
-120.0,21,210.452782
-15.0,15,210.457122
-119.0,20,210.462263
-15.0,15,210.465495
-13.0,13,212.235293
-13.0,13,212.238571
-13.0,13,212.245289
-13.0,13,212.253083
-125.0,26,212.259678
-13.0,13,212.262526
-13.0,13,212.265852
-119.0,20,212.270641
-13.0,13,212.276684
-13.0,13,212.283619
-13.0,13,212.29
-13.0,13,212.29297
-13.0,13,212.296054
-119.0,20,212.300806
-13.0,13,212.304337
-15.0,15,212.307854
-15.0,15,212.311489
-15.0,15,214.034389
-13.0,13,214.037278
-13.0,13,214.040447
-13.0,13,214.043201
-13.0,13,214.046263
-15.0,15,214.049796
-13.0,13,214.052495
-13.0,13,214.055287
-13.0,13,214.05917
-13.0,13,214.06205
-15.0,15,214.065128
-13.0,13,214.068376
-13.0,13,214.0717
-13.0,13,214.075065
-13.0,13,214.078608
-13.0,13,214.081629
-15.0,15,214.085212
-13.0,13,214.088684
-13.0,13,214.092568
-13.0,13,215.839923
-13.0,13,215.843651
-13.0,13,215.846821
-13.0,13,215.850066
-116.0,17,215.854193
-13.0,13,215.857175
-15.0,15,215.860932
-15.0,15,215.864093
-15.0,15,215.867233
-15.0,15,215.87056
-14.0,14,215.873634
-13.0,13,215.877198
-13.0,13,215.880214
-13.0,13,215.883854
-13.0,13,215.886987
-13.0,13,215.890025
-13.0,13,215.893394
-13.0,13,215.89763
-13.0,13,215.901656
-122.0,23,217.745146
-13.0,13,217.748268
-15.0,15,217.751783
-15.0,15,217.756519
-13.0,13,217.759609
-122.0,23,217.765581
-13.0,13,217.769295
-121.0,22,217.775791
-13.0,13,217.779485
-15.0,15,217.783489
-13.0,13,217.788242
-13.0,13,217.792569
-13.0,13,217.796702
-13.0,13,217.800549
-13.0,13,217.804129
-13.0,13,217.808306
-15.0,15,217.813072
-13.0,13,219.676537
-14.0,14,219.680088
-13.0,13,219.68293
-13.0,13,219.685678
-15.0,15,219.689062
-13.0,13,219.692638
-15.0,15,219.696242
-13.0,13,219.699834
-15.0,15,219.702761
-15.0,15,219.706454
-117.0,18,219.710155
-13.0,13,219.71366
-118.0,19,219.71826
-14.0,14,219.721684
-13.0,13,219.724745
-13.0,13,219.72808
-15.0,15,219.734987
-13.0,13,219.741891
-15.0,15,221.508223
-16.0,16,221.511532
-13.0,13,221.514284
-13.0,13,221.517152
-13.0,13,221.520677
-13.0,13,221.524115
-13.0,13,221.53465
-13.0,13,221.541561
-13.0,13,221.549607
-13.0,13,221.557538
-18.0,18,221.566706
-13.0,13,221.573786
-17.0,17,221.580813
-13.0,13,221.583747
-13.0,13,221.586894
-13.0,13,221.590231
-13.0,13,221.594122
-13.0,13,221.597011
-13.0,13,221.600329
-13.0,13,223.278444
-13.0,13,223.281278
-13.0,13,223.28459
-124.0,25,223.290648
-123.0,24,223.297504
-13.0,13,223.301408
-15.0,15,223.307211
-15.0,15,223.311196
-13.0,13,223.314262
-13.0,13,223.317561
-17.0,17,223.320955
-13.0,13,223.323969
-15.0,15,223.328743
-13.0,13,223.332813
-13.0,13,223.335878
-13.0,13,223.33955
-13.0,13,223.342587
-13.0,13,225.190605
-13.0,13,225.193767
-13.0,13,225.196612
-13.0,13,225.199712
-13.0,13,225.203151
-15.0,15,225.206371
-13.0,13,225.210073
-13.0,13,225.213514
-13.0,13,225.21624
-13.0,13,225.219399
-13.0,13,225.22286
-13.0,13,225.225733
-13.0,13,225.228552
-13.0,13,225.232575
-13.0,13,225.23684
-13.0,13,225.240292
-13.0,13,225.243709
-13.0,13,225.246866
-13.0,13,225.249637
-13.0,13,227.096186
-13.0,13,227.100083
-13.0,13,227.103283
-115.0,16,227.106476
-15.0,15,227.110101
-13.0,13,227.114246
-13.0,13,227.117694
-13.0,13,227.121215
-14.0,14,227.124856
-13.0,13,227.128522
-13.0,13,227.131763
-17.0,17,227.13705
-13.0,13,227.140725
-13.0,13,227.144129
-15.0,15,227.148743
-15.0,15,227.15531
-124.0,25,227.163937
-13.0,13,227.166959
-15.0,15,228.944248
-15.0,15,228.947709
-13.0,13,228.950798
-13.0,13,228.953832
-13.0,13,228.956514
-13.0,13,228.959455
-13.0,13,228.962801
-125.0,26,228.969067
-13.0,13,228.974938
-13.0,13,228.978348
-120.0,21,228.982978
-13.0,13,228.986737
-13.0,13,228.989876
-13.0,13,228.993057
-13.0,13,228.996876
-124.0,25,229.001642
-13.0,13,229.005023
-13.0,13,230.7048
-13.0,13,230.707962
-17.0,17,230.711732
-13.0,13,230.714617
-13.0,13,230.71871
-15.0,15,230.723027
-13.0,13,230.726388
-13.0,13,230.73023
-119.0,20,230.735228
-13.0,13,230.740527
-13.0,13,230.744858
-15.0,15,230.748685
-118.0,19,230.755945
-15.0,15,230.759491
-13.0,13,230.762854
-13.0,13,230.766506
-13.0,13,230.769663
-15.0,15,230.77447
-15.0,15,232.474322
-13.0,13,232.477125
-13.0,13,232.48016
-13.0,13,232.483436
-13.0,13,232.487041
-14.0,14,232.490534
-13.0,13,232.494522
-13.0,13,232.49819
-13.0,13,232.501919
-17.0,17,232.505838
-15.0,15,232.509915
-13.0,13,232.513411
-13.0,13,232.516846
-13.0,13,232.520737
-13.0,13,232.524058
-14.0,14,232.527777
-13.0,13,232.531535
-13.0,13,232.534653
-123.0,24,234.301186
-13.0,13,234.304553
-13.0,13,234.307411
-13.0,13,234.311543
-13.0,13,234.315413
-13.0,13,234.318687
-13.0,13,234.321933
-13.0,13,234.325564
-15.0,15,234.328945
-118.0,19,234.333097
-13.0,13,234.336353
-13.0,13,234.339386
-13.0,13,234.342815
-15.0,15,234.346242
-13.0,13,234.349821
-122.0,23,234.354624
-13.0,13,234.360385
-13.0,13,234.365453
-13.0,13,236.179466
-13.0,13,236.182739
-13.0,13,236.185354
-13.0,13,236.188594
-13.0,13,236.191335
-15.0,15,236.196163
-13.0,13,236.201514
-13.0,13,236.20802
-13.0,13,236.211642
-13.0,13,236.214883
-120.0,21,236.219129
-13.0,13,236.22227
-13.0,13,236.229425
-117.0,18,236.23518
-13.0,13,236.23852
-13.0,13,236.242241
-13.0,13,236.245419
-17.0,17,236.249852
-13.0,13,238.066107
-28.0,28,238.072491
-729.0,234,239.887492
-13.0,13,239.890754
-116.0,17,239.894116
-13.0,13,239.897305
-13.0,13,239.900101
-15.0,15,239.903119
-13.0,13,239.906569
-14.0,14,239.909833
-13.0,13,239.912603
-122.0,23,239.918282
-13.0,13,239.921123
-13.0,13,239.927006
-15.0,15,239.943104
-15.0,15,239.950453
-13.0,13,239.957008
-13.0,13,239.96122
-13.0,13,239.966278
-13.0,13,239.970321
-13.0,13,241.679342
-13.0,13,241.68269
-13.0,13,241.685749
-123.0,24,241.692032
-13.0,13,241.694997
-13.0,13,241.698119
-13.0,13,241.701353
-13.0,13,241.704305
-13.0,13,241.707374
-13.0,13,241.712452
-13.0,13,241.715434
-13.0,13,241.718849
-113.0,14,241.722943
-15.0,15,241.726839
-115.0,16,241.731742
-13.0,13,241.735615
-13.0,13,241.739067
-13.0,13,241.743081
-13.0,13,243.552958
-16.0,16,243.557279
-13.0,13,243.560862
-126.0,27,243.568484
-13.0,13,243.571996
-13.0,13,243.576239
-119.0,20,243.581719
-14.0,14,243.585927
-13.0,13,243.589423
-115.0,16,243.593669
-124.0,25,243.602577
-13.0,13,243.606671
-13.0,13,243.611134
-13.0,13,243.614456
-13.0,13,243.617865
-13.0,13,243.620928
-15.0,15,245.339292
-13.0,13,245.343474
-13.0,13,245.347476
-13.0,13,245.351339
-13.0,13,245.35488
-13.0,13,245.358334
-13.0,13,245.362484
-13.0,13,245.366177
-15.0,15,245.37013
-224.0,26,245.376735
-13.0,13,245.380251
-123.0,24,245.387754
-15.0,15,245.39162
-13.0,13,245.395596
-13.0,13,245.399211
-15.0,15,245.403338
-13.0,13,245.407282
-15.0,15,245.41119
-13.0,13,247.194038
-13.0,13,247.19704
-13.0,13,247.199626
-13.0,13,247.202501
-13.0,13,247.205464
-13.0,13,247.208842
-115.0,16,247.212373
-13.0,13,247.215029
-120.0,21,247.219856
-13.0,13,247.222885
-15.0,15,247.226204
-13.0,13,247.228984
-14.0,14,247.232468
-13.0,13,247.23587
-13.0,13,247.238971
-13.0,13,247.241989
-13.0,13,247.245417
-123.0,24,248.959198
-13.0,13,248.962305
-13.0,13,248.96586
-13.0,13,248.969222
-13.0,13,248.9728
-224.0,26,248.984942
-13.0,13,248.988935
-13.0,13,248.992457
-13.0,13,248.995906
-13.0,13,248.998622
-13.0,13,249.00132
-13.0,13,249.004263
-13.0,13,249.007216
-13.0,13,249.010053
-15.0,15,249.013665
-113.0,14,249.016758
-13.0,13,249.020319
-121.0,22,249.024757
-13.0,13,250.794831
-13.0,13,250.797741
-15.0,15,250.801526
-13.0,13,250.804888
-117.0,18,250.810973
-13.0,13,250.813949
-13.0,13,250.820497
-13.0,13,250.824561
-15.0,15,250.830816
-118.0,19,250.835166
-13.0,13,250.838652
-13.0,13,250.841658
-123.0,24,250.84821
-13.0,13,250.852435
-13.0,13,250.856318
-120.0,21,250.861171
-13.0,13,250.864511
-13.0,13,252.670468
-13.0,13,252.673674
-13.0,13,252.676397
-13.0,13,252.679127
-15.0,15,252.683059
-13.0,13,252.686355
-13.0,13,252.689342
-13.0,13,252.692824
-13.0,13,252.695496
-13.0,13,252.698603
-15.0,15,252.704434
-13.0,13,252.708675
-13.0,13,252.711773
-15.0,15,252.715116
-13.0,13,252.718269
-117.0,18,252.722518
-14.0,14,252.725965
-13.0,13,252.72922
-13.0,13,252.732183
-13.0,13,254.472335
-13.0,13,254.475593
-13.0,13,254.478912
-15.0,15,254.485148
-13.0,13,254.489634
-19.0,19,254.493594
-13.0,13,254.496737
-126.0,27,254.504047
-13.0,13,254.507329
-13.0,13,254.510332
-13.0,13,254.51387
-13.0,13,254.517463
-117.0,18,254.521542
-13.0,13,254.525428
-13.0,13,254.528714
-13.0,13,254.532386
-13.0,13,254.535363
-117.0,18,256.422585
-15.0,15,256.426082
-13.0,13,256.429466
-13.0,13,256.432318
-15.0,15,256.436238
-13.0,13,256.439682
-13.0,13,256.442442
-13.0,13,256.445712
-15.0,15,256.449365
-15.0,15,256.455158
-13.0,13,256.4588
-15.0,15,256.462167
-15.0,15,256.465631
-13.0,13,256.470021
-13.0,13,256.474666
-13.0,13,256.477704
-15.0,15,256.481108
-13.0,13,256.48463
-13.0,13,256.488264
-15.0,15,258.224572
-13.0,13,258.227385
-13.0,13,258.231299
-13.0,13,258.234701
-13.0,13,258.23807
-15.0,15,258.242879
-13.0,13,258.246978
-13.0,13,258.250615
-13.0,13,258.254387
-15.0,15,258.258322
-13.0,13,258.262069
-125.0,26,258.268646
-14.0,14,258.272252
-13.0,13,258.276248
-13.0,13,258.279848
-13.0,13,258.283012
-13.0,13,258.286275
-215.0,17,258.289449
-123.0,24,260.077477
-13.0,13,260.080711
-13.0,13,260.083421
-13.0,13,260.086448
-13.0,13,260.089395
-13.0,13,260.09201
-14.0,14,260.095351
-13.0,13,260.098341
-13.0,13,260.101948
-13.0,13,260.105058
-13.0,13,260.107969
-117.0,18,260.114098
-125.0,26,260.119594
-13.0,13,260.123024
-127.0,28,260.131461
-13.0,13,260.13499
-13.0,13,261.873135
-15.0,15,261.876222
-123.0,24,261.881498
-13.0,13,261.884155
-115.0,16,261.887978
-13.0,13,261.890739
-13.0,13,261.893849
-13.0,13,261.897334
-13.0,13,261.90106
-13.0,13,261.904352
-13.0,13,261.907499
-13.0,13,261.910245
-13.0,13,261.913861
-15.0,15,261.917511
-15.0,15,261.920765
-15.0,15,261.924366
-13.0,13,261.927845
-13.0,13,261.931168
-13.0,13,263.664024
-13.0,13,263.66734
-118.0,19,263.672391
-13.0,13,263.676048
-13.0,13,263.679226
-13.0,13,263.683163
-13.0,13,263.686315
-13.0,13,263.68921
-15.0,15,263.692358
-15.0,15,263.695171
-119.0,20,263.699919
-15.0,15,263.703581
-15.0,15,263.706649
-13.0,13,263.710081
-13.0,13,263.713731
-13.0,13,263.716617
-13.0,13,263.719527
-228.0,30,265.560727
-124.0,25,265.566315
-13.0,13,265.569029
-13.0,13,265.572
-13.0,13,265.574871
-13.0,13,265.577983
-125.0,26,265.58402
-14.0,14,265.587054
-13.0,13,265.589593
-13.0,13,265.592849
-13.0,13,265.595645
-13.0,13,265.598959
-13.0,13,265.602211
-13.0,13,265.605164
-13.0,13,265.607946
-13.0,13,265.615066
-15.0,15,265.622414
-13.0,13,267.385866
-15.0,15,267.389306
-16.0,16,267.392378
-13.0,13,267.395533
-13.0,13,267.398669
-15.0,15,267.40215
-13.0,13,267.404988
-15.0,15,267.407996
-13.0,13,267.411409
-15.0,15,267.414426
-13.0,13,267.417
-13.0,13,267.420412
-15.0,15,267.42388
-17.0,17,267.427161
-13.0,13,267.429825
-15.0,15,267.433144
-13.0,13,267.436843
-13.0,13,267.439729
-15.0,15,269.173426
-13.0,13,269.179556
-118.0,19,269.184039
-124.0,25,269.189823
-119.0,20,269.197533
-13.0,13,269.200586
-13.0,13,269.203546
-13.0,13,269.206478
-13.0,13,269.210048
-13.0,13,269.213108
-123.0,24,269.21855
-13.0,13,269.221625
-14.0,14,269.224334
-13.0,13,269.227279
-15.0,15,269.230888
-15.0,15,269.234004
-14.0,14,269.238155
-15.0,15,270.960925
-13.0,13,270.964285
-15.0,15,270.967364
-15.0,15,270.970571
-13.0,13,270.974239
-119.0,20,270.978718
-15.0,15,270.981961
-13.0,13,270.985232
-13.0,13,270.98813
-13.0,13,270.991413
-13.0,13,270.99463
-13.0,13,270.99745
-13.0,13,271.000334
-13.0,13,271.004252
-15.0,15,271.007508
-15.0,15,271.011233
-13.0,13,271.014274
-119.0,20,271.020204
-121.0,22,272.759853
-13.0,13,272.762521
-15.0,15,272.765706
-13.0,13,272.770836
-13.0,13,272.773806
-15.0,15,272.778379
-13.0,13,272.781356
-13.0,13,272.784699
-13.0,13,272.787596
-13.0,13,272.790549
-13.0,13,272.793745
-13.0,13,272.797118
-17.0,17,272.80036
-122.0,23,272.805675
-13.0,13,272.808992
-13.0,13,272.812927
-13.0,13,272.817027
-13.0,13,274.558246
-13.0,13,274.561303
-15.0,15,274.565172
-15.0,15,274.568425
-13.0,13,274.571672
-15.0,15,274.574718
-13.0,13,274.587745
-13.0,13,274.594649
-13.0,13,274.598944
-13.0,13,274.60271
-13.0,13,274.610733
-15.0,15,274.616889
-13.0,13,274.62021
-15.0,15,274.624465
-17.0,17,274.628385
-13.0,13,274.63122
-13.0,13,274.635592
-13.0,13,274.640215
-13.0,13,274.643484
-13.0,13,276.375033
-13.0,13,276.377964
-15.0,15,276.381287
-13.0,13,276.384147
-17.0,17,276.387805
-13.0,13,276.390586
-13.0,13,276.393378
-13.0,13,276.396828
-13.0,13,276.400005
-14.0,14,276.403029
-13.0,13,276.405945
-13.0,13,276.409232
-13.0,13,276.412402
-15.0,15,276.416132
-13.0,13,276.418752
-13.0,13,276.421943
-13.0,13,276.42785
-118.0,19,276.431929
-13.0,13,278.139264
-13.0,13,278.142617
-13.0,13,278.146079
-15.0,15,278.149463
-13.0,13,278.153196
-116.0,17,278.157709
-14.0,14,278.160828
-13.0,13,278.164132
-13.0,13,278.166988
-122.0,23,278.173314
-222.0,24,278.184182
-13.0,13,278.190722
-15.0,15,278.195962
-15.0,15,278.199357
-13.0,13,278.202248
-13.0,13,278.205421
-13.0,13,278.208876
-13.0,13,278.212188
-13.0,13,280.076169
-15.0,15,280.079171
-17.0,17,280.082753
-15.0,15,280.086215
-13.0,13,280.089584
-116.0,17,280.093271
-13.0,13,280.096177
-15.0,15,280.10029
-13.0,13,280.103335
-125.0,26,280.108793
-13.0,13,280.112314
-15.0,15,280.116245
-16.0,16,280.119346
-13.0,13,280.122528
-13.0,13,280.125291
-119.0,20,280.130841
-13.0,13,281.876266
-121.0,22,281.880974
-13.0,13,281.884143
-13.0,13,281.887103
-17.0,17,281.890889
-13.0,13,281.894184
-13.0,13,281.897351
-113.0,14,281.901987
-13.0,13,281.905348
-13.0,13,281.908688
-13.0,13,281.913153
-15.0,15,281.917375
-15.0,15,281.921429
-13.0,13,281.924824
-13.0,13,281.928406
-13.0,13,281.932801
-13.0,13,281.936216
-13.0,13,281.939619
-13.0,13,281.942878
-13.0,13,283.688063
-13.0,13,283.690868
-13.0,13,283.69351
-13.0,13,283.696638
-13.0,13,283.699492
-15.0,15,283.702466
-118.0,19,283.70681
-13.0,13,283.711107
-15.0,15,283.714425
-13.0,13,283.717714
-13.0,13,283.720733
-13.0,13,283.723388
-13.0,13,283.726352
-118.0,19,283.730666
-13.0,13,283.737756
-15.0,15,283.741389
-13.0,13,283.744421
-13.0,13,283.750568
-13.0,13,285.545574
-13.0,13,285.548813
-13.0,13,285.553003
-13.0,13,285.556457
-16.0,16,285.560311
-13.0,13,285.568862
-116.0,17,285.576726
-215.0,17,285.581437
-15.0,15,285.584981
-13.0,13,285.588033
-13.0,13,285.591455
-13.0,13,285.594715
-13.0,13,285.597599
-13.0,13,285.600412
-13.0,13,285.603918
-13.0,13,285.607492
-13.0,13,285.610413
-115.0,16,285.614619
-13.0,13,287.454252
-13.0,13,287.457259
-122.0,23,287.462221
-15.0,15,287.465206
-13.0,13,287.468329
-13.0,13,287.471318
-13.0,13,287.474039
-13.0,13,287.478119
-13.0,13,287.485825
-15.0,15,287.492761
-15.0,15,287.50001
-13.0,13,287.502922
-124.0,25,287.508116
-13.0,13,287.511518
-15.0,15,287.514632
-14.0,14,287.517847
-13.0,13,287.521041
-13.0,13,287.523907
-13.0,13,289.258074
-13.0,13,289.26115
-13.0,13,289.264127
-13.0,13,289.266874
-13.0,13,289.269939
-13.0,13,289.272533
-15.0,15,289.275897
-13.0,13,289.279064
-13.0,13,289.281981
-14.0,14,289.284963
-13.0,13,289.289018
-13.0,13,289.29176
-13.0,13,289.294543
-128.0,29,289.303241
-13.0,13,289.311066
-13.0,13,289.314411
-15.0,15,289.317566
-13.0,13,289.320755
-115.0,16,291.078921
-13.0,13,291.081938
-15.0,15,291.085053
-13.0,13,291.088153
-13.0,13,291.091831
-13.0,13,291.095243
-13.0,13,291.098778
-13.0,13,291.10365
-13.0,13,291.10678
-19.0,19,291.110803
-13.0,13,291.113555
-13.0,13,291.116352
-13.0,13,291.12166
-15.0,15,291.124986
-13.0,13,291.127973
-15.0,15,291.13295
-13.0,13,291.13726
-118.0,19,291.143732
-13.0,13,292.839379
-13.0,13,292.843135
-13.0,13,292.846869
-13.0,13,292.850362
-13.0,13,292.854342
-13.0,13,292.859259
-13.0,13,292.86289
-15.0,15,292.867093
-13.0,13,292.871904
-13.0,13,292.876489
-13.0,13,292.88015
-15.0,15,292.88326
-125.0,26,292.889074
-13.0,13,292.892125
-15.0,15,292.89581
-15.0,15,292.898837
-15.0,15,292.9025
-119.0,20,294.681445
-15.0,15,294.684949
-13.0,13,294.688312
-15.0,15,294.695758
-13.0,13,294.699216
-13.0,13,294.702428
-14.0,14,294.705825
-15.0,15,294.709126
-13.0,13,294.712359
-13.0,13,294.715447
-119.0,20,294.720031
-13.0,13,294.72324
-13.0,13,294.72692
-15.0,15,294.730952
-13.0,13,294.735619
-13.0,13,294.739517
-13.0,13,294.743039
-116.0,17,294.748294
-13.0,13,296.508404
-13.0,13,296.511266
-13.0,13,296.514732
-13.0,13,296.518277
-13.0,13,296.522383
-13.0,13,296.525746
-15.0,15,296.530195
-13.0,13,296.533401
-13.0,13,296.536766
-13.0,13,296.539578
-15.0,15,296.543024
-13.0,13,296.546046
-13.0,13,296.548618
-13.0,13,296.551549
-13.0,13,296.554544
-13.0,13,296.558337
-13.0,13,296.561308
-13.0,13,296.564062
-13.0,13,296.567399
-13.0,13,296.570351
-15.0,15,298.357562
-13.0,13,298.360459
-15.0,15,298.363537
-13.0,13,298.3669
-13.0,13,298.369831
-15.0,15,298.373374
-13.0,13,298.377154
-121.0,22,298.382223
-13.0,13,298.385252
-13.0,13,298.388444
-13.0,13,298.39137
-15.0,15,298.39486
-13.0,13,298.398116
-15.0,15,298.401226
-13.0,13,298.404128
-13.0,13,298.407894
-13.0,13,298.410959
-13.0,13,298.413836
-13.0,13,300.18515
-13.0,13,300.188241
-119.0,20,300.192533
-13.0,13,300.195346
-13.0,13,300.199114
-13.0,13,300.202181
-16.0,16,300.20641
-13.0,13,300.213546
-13.0,13,300.217105
-13.0,13,300.22018
-13.0,13,300.224148
-16.0,16,300.228137
-13.0,13,300.23163
-15.0,15,300.234649
-15.0,15,300.238146
-13.0,13,300.24128
-13.0,13,300.244247
-13.0,13,300.247814
-17.0,17,301.986223
-13.0,13,301.98922
-13.0,13,301.992836
-15.0,15,301.996742
-119.0,20,302.002454
-13.0,13,302.006379
-15.0,15,302.012324
-15.0,15,302.020879
-118.0,19,302.025659
-15.0,15,302.033623
-13.0,13,302.037215
-13.0,13,302.043586
-16.0,16,302.046913
-15.0,15,302.052209
-14.0,14,302.057969
-15.0,15,302.063424
-115.0,16,302.066641
-13.0,13,303.865731
-13.0,13,303.86885
-14.0,14,303.871927
-119.0,20,303.87638
-13.0,13,303.879469
-15.0,15,303.883944
-15.0,15,303.887763
-13.0,13,303.892274
-13.0,13,303.895796
-13.0,13,303.899092
-13.0,13,303.902984
-13.0,13,303.906425
-13.0,13,303.909883
-14.0,14,303.91555
-122.0,23,303.92123
-13.0,13,303.924401
-13.0,13,303.928011
-15.0,15,303.931541
-15.0,15,305.689394
-13.0,13,305.692197
-15.0,15,305.695234
-15.0,15,305.698755
-13.0,13,305.703142
-13.0,13,305.708278
-13.0,13,305.712581
-125.0,26,305.718175
-13.0,13,305.721854
-113.0,14,305.724795
-115.0,16,305.728211
-13.0,13,305.731081
-13.0,13,305.734103
-13.0,13,305.737128
-13.0,13,305.739933
-118.0,19,305.743862
-16.0,16,305.747373
-13.0,13,307.54989
-121.0,22,307.554742
-13.0,13,307.557526
-13.0,13,307.560568
-13.0,13,307.56373
-13.0,13,307.566871
-13.0,13,307.575327
-15.0,15,307.586919
-13.0,13,307.591445
-13.0,13,307.595038
-13.0,13,307.600278
-15.0,15,307.60924
-13.0,13,307.617046
-13.0,13,307.623472
-13.0,13,307.629802
-13.0,13,307.634622
-13.0,13,307.64142
-13.0,13,307.644267
-13.0,13,307.647341
-13.0,13,309.360773
-16.0,16,309.364388
-13.0,13,309.368095
-113.0,14,309.371584
-14.0,14,309.375319
-116.0,17,309.380111
-13.0,13,309.383533
-13.0,13,309.387808
-13.0,13,309.39142
-15.0,15,309.395242
-13.0,13,309.39931
-14.0,14,309.402864
-124.0,25,309.409853
-13.0,13,309.413597
-15.0,15,309.417724
-13.0,13,309.422229
-13.0,13,309.425916
-13.0,13,309.430261
-13.0,13,311.115473
-13.0,13,311.118443
-15.0,15,311.122253
-123.0,24,311.129066
-13.0,13,311.13418
-13.0,13,311.137548
-13.0,13,311.14147
-13.0,13,311.144543
-14.0,14,311.147882
-13.0,13,311.151298
-118.0,19,311.156748
-13.0,13,311.161023
-115.0,16,311.165049
-13.0,13,311.167801
-13.0,13,311.171091
-13.0,13,311.173979
-13.0,13,311.177318
-13.0,13,311.181418
-15.0,15,312.959099
-13.0,13,312.962121
-15.0,15,312.965597
-13.0,13,312.969337
-13.0,13,312.973125
-15.0,15,312.976731
-13.0,13,312.980681
-13.0,13,312.985772
-14.0,14,312.990486
-13.0,13,312.994309
-13.0,13,312.998202
-15.0,15,313.004337
-13.0,13,313.008186
-121.0,22,313.013785
-13.0,13,313.017054
-13.0,13,313.021018
-13.0,13,313.024669
-15.0,15,313.028527
-13.0,13,314.863027
-13.0,13,314.865743
-13.0,13,314.86875
-13.0,13,314.871676
-13.0,13,314.874357
-13.0,13,314.878175
-15.0,15,314.882314
-13.0,13,314.885433
-13.0,13,314.888897
-15.0,15,314.892766
-13.0,13,314.896274
-13.0,13,314.899557
-15.0,15,314.903601
-13.0,13,314.906986
-15.0,15,314.911346
-13.0,13,314.914398
-15.0,15,314.918371
-13.0,13,314.921754
-15.0,15,316.812873
-13.0,13,316.816587
-13.0,13,316.819325
-13.0,13,316.822709
-13.0,13,316.826532
-15.0,15,316.829992
-15.0,15,316.8338
-13.0,13,316.837363
-15.0,15,316.841504
-13.0,13,316.84551
-13.0,13,316.849178
-115.0,16,316.853741
-15.0,15,316.858061
-13.0,13,316.861699
-13.0,13,316.865369
-115.0,16,316.869336
-124.0,25,316.876986
-13.0,13,316.880396
-13.0,13,318.695081
-15.0,15,318.698599
-13.0,13,318.701652
-13.0,13,318.704552
-13.0,13,318.70801
-13.0,13,318.710718
-13.0,13,318.714161
-13.0,13,318.717804
-13.0,13,318.720807
-13.0,13,318.723671
-15.0,15,318.727698
-15.0,15,318.731121
-13.0,13,318.734611
-13.0,13,318.737227
-14.0,14,318.741399
-13.0,13,318.747878
-13.0,13,318.750965
-15.0,15,318.754052
-15.0,15,318.761131
-13.0,13,320.479008
-15.0,15,320.482464
-13.0,13,320.485216
-13.0,13,320.488228
-13.0,13,320.491239
-13.0,13,320.494005
-13.0,13,320.497205
-13.0,13,320.500556
-13.0,13,320.504607
-15.0,15,320.507805
-13.0,13,320.510908
-13.0,13,320.514076
-13.0,13,320.516821
-13.0,13,320.519575
-13.0,13,320.522616
-13.0,13,320.525636
-13.0,13,320.529006
-13.0,13,320.532706
-13.0,13,320.535548
-13.0,13,322.312535
-15.0,15,322.316125
-13.0,13,322.318832
-13.0,13,322.321583
-13.0,13,322.324885
-119.0,20,322.329768
-13.0,13,322.335022
-15.0,15,322.338906
-13.0,13,322.342736
-13.0,13,322.34563
-115.0,16,322.349312
-13.0,13,322.352215
-13.0,13,322.355515
-13.0,13,322.359618
-13.0,13,322.363295
-13.0,13,322.366209
-116.0,17,322.370601
-13.0,13,322.373996
-20.0,20,324.024518
-13.0,13,324.027385
-13.0,13,324.031427
-14.0,14,324.034941
-17.0,17,324.039905
-123.0,24,324.046286
-13.0,13,324.050748
-121.0,22,324.057448
-13.0,13,324.060872
-13.0,13,324.064446
-13.0,13,324.068576
-13.0,13,324.072693
-13.0,13,324.0761
-120.0,21,324.081964
-13.0,13,324.085872
-13.0,13,324.089795
-13.0,13,324.093117
-13.0,13,325.88701
-15.0,15,325.890262
-13.0,13,325.892954
-15.0,15,325.896137
-14.0,14,325.89928
-13.0,13,325.902612
-13.0,13,325.905637
-13.0,13,325.908527
-17.0,17,325.912371
-13.0,13,325.915589
-13.0,13,325.918414
-121.0,22,325.923314
-13.0,13,325.926119
-124.0,25,325.931873
-17.0,17,325.935903
-13.0,13,325.938606
-13.0,13,325.94163
-13.0,13,327.717175
-13.0,13,327.720172
-15.0,15,327.723474
-13.0,13,327.726772
-13.0,13,327.729856
-13.0,13,327.732836
-13.0,13,327.735553
-13.0,13,327.73835
-13.0,13,327.741861
-13.0,13,327.745089
-125.0,26,327.752205
-13.0,13,327.756719
-13.0,13,327.759983
-15.0,15,327.76512
-13.0,13,327.768605
-126.0,27,327.774844
-15.0,15,327.778388
-13.0,13,327.781526
-13.0,13,329.555403
-15.0,15,329.558463
-15.0,15,329.561768
-13.0,13,329.564409
-13.0,13,329.567075
-13.0,13,329.570362
-13.0,13,329.573372
-13.0,13,329.576555
-15.0,15,329.580096
-13.0,13,329.583439
-126.0,27,329.590123
-13.0,13,329.593035
-13.0,13,329.595694
-13.0,13,329.599845
-13.0,13,329.602946
-13.0,13,329.605946
-13.0,13,329.608877
-13.0,13,329.611824
-13.0,13,331.464405
-13.0,13,331.467353
-13.0,13,331.470432
-13.0,13,331.473049
-229.0,31,331.480248
-15.0,15,331.484273
-15.0,15,331.487799
-234.0,36,331.496693
-16.0,16,331.499929
-13.0,13,331.505381
-13.0,13,331.511284
-13.0,13,331.514796
-15.0,15,331.518791
-13.0,13,331.523986
-115.0,16,331.527694
-13.0,13,333.228994
-13.0,13,333.232132
-13.0,13,333.235343
-20.0,20,333.239263
-15.0,15,333.242558
-13.0,13,333.246489
-13.0,13,333.249788
-13.0,13,333.252712
-115.0,16,333.256786
-13.0,13,333.260213
-215.0,17,333.26403
-13.0,13,333.267059
-13.0,13,333.270211
-15.0,15,333.276811
-13.0,13,333.279642
-15.0,15,333.282536
-13.0,13,333.285908
-15.0,15,333.289322
-13.0,13,335.027081
-13.0,13,335.029918
-13.0,13,335.03266
-13.0,13,335.036017
-15.0,15,335.039653
-13.0,13,335.043023
-13.0,13,335.047283
-13.0,13,335.051232
-14.0,14,335.054643
-13.0,13,335.058945
-13.0,13,335.06242
-13.0,13,335.065827
-13.0,13,335.068995
-13.0,13,335.074817
-13.0,13,335.078084
-13.0,13,335.081579
-13.0,13,335.086699
-122.0,23,335.096668
-13.0,13,335.100794
-13.0,13,336.848612
-16.0,16,336.851586
-13.0,13,336.854461
-13.0,13,336.857545
-13.0,13,336.860595
-13.0,13,336.863462
-13.0,13,336.867218
-13.0,13,336.869964
-13.0,13,336.873712
-13.0,13,336.876968
-13.0,13,336.880324
-125.0,26,336.885609
-227.0,29,336.896472
-13.0,13,336.899462
-15.0,15,336.906035
-13.0,13,336.909793
-115.0,16,336.91368
-15.0,15,338.694312
-13.0,13,338.697083
-13.0,13,338.699785
-13.0,13,338.702781
-121.0,22,338.708261
-14.0,14,338.711147
-13.0,13,338.71594
-13.0,13,338.720012
-13.0,13,338.72289
-13.0,13,338.725805
-13.0,13,338.731389
-124.0,25,338.736773
-13.0,13,338.74113
-13.0,13,338.744426
-15.0,15,338.747545
-13.0,13,338.75087
-13.0,13,338.755021
-13.0,13,338.760406
-13.0,13,340.435698
-13.0,13,340.439195
-14.0,14,340.442484
-15.0,15,340.446627
-113.0,14,340.450509
-13.0,13,340.454264
-15.0,15,340.460701
-15.0,15,340.464218
-13.0,13,340.46761
-13.0,13,340.470596
-13.0,13,340.473477
-119.0,20,340.478201
-13.0,13,340.481261
-13.0,13,340.484622
-13.0,13,340.488821
-15.0,15,340.492689
-121.0,22,340.497254
-13.0,13,342.299688
-13.0,13,342.302516
-13.0,13,342.30629
-13.0,13,342.308982
-126.0,27,342.314917
-13.0,13,342.317725
-13.0,13,342.320948
-15.0,15,342.325733
-14.0,14,342.32872
-15.0,15,342.332605
-15.0,15,342.335502
-13.0,13,342.338465
-15.0,15,342.342464
-13.0,13,342.345637
-13.0,13,342.348803
-13.0,13,342.351823
-13.0,13,342.355551
-14.0,14,342.359162
-13.0,13,344.094765
-15.0,15,344.097948
-13.0,13,344.1013
-118.0,19,344.10555
-15.0,15,344.109027
-13.0,13,344.112221
-13.0,13,344.116009
-13.0,13,344.119725
-13.0,13,344.122837
-13.0,13,344.12622
-17.0,17,344.130056
-14.0,14,344.133835
-16.0,16,344.137353
-13.0,13,344.141391
-123.0,24,344.148439
-113.0,14,344.152757
-13.0,13,344.156336
-13.0,13,345.916204
-15.0,15,345.920052
-13.0,13,345.92323
-15.0,15,345.926221
-117.0,18,345.932788
-15.0,15,345.93651
-15.0,15,345.939581
-16.0,16,345.943251
-13.0,13,345.946211
-15.0,15,345.949721
-13.0,13,345.953024
-13.0,13,345.955821
-13.0,13,345.959038
-13.0,13,345.962532
-15.0,15,345.965716
-13.0,13,345.968834
-13.0,13,345.972048
-13.0,13,345.975335
-115.0,16,347.771322
-13.0,13,347.77454
-15.0,15,347.777791
-13.0,13,347.781641
-17.0,17,347.785664
-13.0,13,347.789437
-13.0,13,347.793113
-13.0,13,347.797882
-231.0,33,347.806521
-13.0,13,347.810507
-17.0,17,347.815267
-15.0,15,347.819262
-13.0,13,347.822628
-18.0,18,347.827783
-13.0,13,347.831511
-13.0,13,347.83534
-13.0,13,347.838722
